1,1,1.056280821008093,1.6634451204860075 
2,1,0.517092894608557,-0.23472420354061066 
3,1,2.358714249053847,0.8620550751077849 
4,1,1.3143271534527121,0.23828527238015998 
5,1,0.6188116498626347,-1.2202913215179545 
6,1,0.8769912876111368,-0.7709054956688085 
7,1,-0.762703112945067,1.6803132286938023 
8,1,0.06725491131916167,-1.4259301769691721 
9,1,-1.744624476797549,2.388292975581645 
10,1,-1.0058098894403562,-2.2223399397096 
11,1,-0.3059595237883954,0.7019440864535337 
12,1,0.5653420855363885,0.9943626051451531 
13,1,-1.4939911288664536,-0.9753843217117093 
14,1,-0.3694011793126019,0.47844247410340934 
15,1,-1.063943557550944,-2.0754485096792035 
16,1,-0.7345775898271693,0.13024392224419243 
17,1,0.4957947936072861,0.9350949010409974 
18,1,0.6524100298611409,-0.21913533566711635 
19,1,-0.41756241002792727,-0.6038605055805133 
20,1,-0.9482881917108583,-0.5493906150047954 
21,1,0.6235350066638727,-0.4890869856848283 
22,1,-0.6243765255150403,0.5411936927601377 
23,1,-0.975215586856034,1.1204088537210166 
24,1,0.04204352317730797,-0.7938232927021365 
25,1,0.8544918936128565,-0.2556336714678469 
26,1,-1.2649758581244945,0.7049276637563098 
27,1,-2.2438967380428916,1.9709731273396562 
28,1,1.0592600885114023,1.4164273350277636 
29,1,0.33490495065964704,0.4317215762988588 
30,1,-0.14682861200369765,0.5575470018561381 
31,1,-0.41295692044073606,-0.7045668981220458 
32,1,0.5925203777511858,-1.1339554224267028 
33,1,-0.8492084089971954,0.15392210032039225 
34,1,-0.6885524250589642,-0.6265390180378078 
35,1,-0.8303009982762031,-1.7738676099739736 
36,1,0.6562465575404428,-0.6578967108283261 
37,1,-0.5716466288303148,1.9788899767194459 
38,1,-1.0401888605557703,-0.5195543795432295 
39,1,-0.3263544782132878,-0.21206100430774286 
40,1,-1.4707667373627096,-1.468270230266083 
41,1,-1.1396685671578732,0.39340128523197293 
42,1,-0.7159734663146978,-1.4459916456191857 
43,1,-0.4159360766073628,-0.5175885759591671 
44,1,-1.030936307738718,-0.643423063531938 
45,1,-1.1293884468304631,-0.7739483818370593 
46,1,-1.7178320364575415,1.1961570050159491 
47,1,-0.05532919374388175,1.9027619623037277 
48,1,-0.7364434554787628,-0.8106583361496194 
49,1,0.27022366222159316,-1.6232994782858305 
50,1,0.08106892500795852,-0.04255829541087371 
51,1,-0.8869799515332101,-0.38794803227646524 
52,1,0.06110265758341794,0.5551339359581361 
53,1,-1.4506915241020413,-0.0746507923881921 
54,1,0.40719426923975227,0.5815783582455789 
55,1,0.7945452424809877,-0.29853743777486275 
56,1,0.878166506814887,-0.06906977810337356 
57,1,-1.706563800092439,0.49819854773061534 
58,1,-1.4509955914887767,-1.4493398536319715 
59,1,0.44009686121415215,0.6700645188443147 
60,1,0.8191935002848978,0.08095249357202494 
61,1,-1.1920865513215777,-1.0400615364198393 
62,1,0.45933063065473706,1.8437956733354401 
63,1,-0.13238728430914232,1.0504733663109365 
64,1,-0.6455764353169726,-0.5412121771614316 
65,1,-0.9666045394081206,-0.10290184817419139 
66,1,2.2112409649075,-1.3266677265133557 
67,1,-1.034723277413449,0.24491432471597777 
68,1,1.5235209174615623,-0.022234620965949865 
69,1,-2.0857115389017302,-0.28357904113120597 
70,1,0.5268626110209826,1.5614167983065366 
71,1,-0.6901943632415285,0.1475337708832247 
72,1,2.0184949713259477,0.2099031512210586 
73,1,0.8695724575657889,-0.9144946351148034 
74,1,1.511926822016443,-0.7049999081712072 
75,1,0.28235951588228403,-0.28160177794203206 
76,1,0.34574342205446157,1.4810208511102516 
77,1,-1.5373710629080453,-0.03934600884648452 
78,1,1.205281389001187,-0.2889531086466639 
79,1,0.10095182486552712,-1.5955737249813235 
80,1,-0.2202688087409844,0.07297143447858988 
81,1,0.2966646739635692,-2.022836759025313 
82,1,0.09023168861246177,0.4838114194277209 
83,1,-1.1670577704539982,1.1878228762383978 
84,1,-0.02688342494725223,0.34515121129610216 
85,1,1.7748499934969655,-0.2626137446788267 
86,1,-0.4784608790493881,0.5700420402227248 
87,1,-0.6388750467300374,-1.6567521125077413 
88,1,0.1933502175996294,2.421026409361521 
89,1,-0.584376209984675,-1.57552599637347 
90,1,-0.691111618514948,-1.1410326046240644 
91,1,1.501640999137615,-0.96475228219777 
92,1,0.50019281267942,-0.7397682616718243 
93,1,1.4353967262388565,-0.8585994800660081 
94,1,-1.1691759244502302,0.006566029019096436 
95,1,-0.14941563583022127,0.006814005339654355 
96,1,0.9472506850299459,0.8459031769739049 
97,1,-0.38897379551827915,-1.684407305372517 
98,1,0.568920216393578,0.49755502596999185 
99,1,-0.5198709139100616,-0.5845865962776284 
100,1,0.5821315068836839,-1.0834633294246014 
101,1,0.4046393941617473,0.6004809378868639 
102,1,-0.891845170249562,-1.0725960506905918 
103,1,1.0090002167255436,2.266239196677826 
104,1,-1.4652643326037063,0.4797476632327135 
105,1,-0.5350395510964875,-0.48364931084735746 
106,1,-0.6844888507069944,0.6299054757199442 
107,1,0.1911218798360083,1.5988623631151992 
108,1,0.8821184289383703,-0.20733242517068826 
109,1,0.5118715781755695,-1.1660996848867318 
110,1,1.0608455147771307,1.086134190983977 
111,1,0.17965509818540537,-0.0035383211195609606 
112,1,0.8345433599733323,0.9314039263055425 
113,1,0.2013300553029484,-1.2881753821058832 
114,1,-0.41126699924983084,-1.185349715008509 
115,1,0.8214392343915606,-0.38622459008100113 
116,1,-1.1431272619157953,1.487091045370899 
117,1,0.5245538882520134,-1.9621932815390601 
118,1,-1.9243197210441303,-0.018590241500837348 
119,1,1.0368381647498275,0.5317715691978583 
120,1,0.03361667744780182,1.3730041381282396 
121,1,0.6367694804607114,0.702461128105445 
122,1,1.982548195076062,0.619219977564888 
123,1,0.8596855448238689,1.0142149978864403 
124,1,-1.4576733562084518,-1.1060002146397672 
125,1,0.35767670296409104,-0.6623111491413713 
126,1,0.12722983942565572,0.38641161853092987 
127,1,-0.7700760792045301,0.7154210920190168 
128,1,-1.0231592300563157,-1.5184279793475386 
129,1,0.7470395625080684,-0.5386000387129805 
130,1,-2.241441033399663,-0.9020170809304664 
131,1,0.1328500758247079,0.17314062292426327 
132,1,-0.04130698184285022,-1.3122827331499751 
133,1,-1.1902850615646123,2.3907988509614833 
134,1,2.3136455760358774,-0.6478909991777309 
135,1,-0.48442104058562613,-0.514449287635124 
136,1,-0.1128943275754138,0.9650341957826062 
137,1,1.1912780569261785,-1.9995013641667452 
138,1,0.6975503469206396,-0.15055452293086252 
139,1,1.7680267113004702,0.14807977633609054 
140,1,-0.6766071019432933,-0.2130833644214938 
141,1,-0.693407165287664,0.5612951179711999 
142,1,-2.378857544255438,-0.9110981122816538 
143,1,-0.5987147234842501,0.12894545758927992 
144,1,0.8053761264177441,-0.47976002754032326 
145,1,0.7574165963975936,-0.2685170658318687 
146,1,-0.39840233674563513,-0.5265581590315035 
147,1,-0.4117670392103695,-1.0138325392621703 
148,1,1.1662187065826355,1.6065191199441449 
149,1,0.0989893529977579,-0.2062232005100289 
150,1,-0.24262130971559054,0.5496497540335428 
151,1,0.8032159157686855,-1.218939040100476 
152,1,-1.0142023783616976,-0.3695810232209701 
153,1,0.20152064885603838,0.14195896199699734 
154,1,0.7573393942836433,1.2954151788988624 
155,1,0.15341044898995343,-2.268565026120998 
156,1,1.168173151689745,0.5010521710124123 
157,1,0.5954757153870261,0.13535542099224204 
158,1,-0.03793303767439267,0.5357393942779054 
159,1,0.1857781458136067,-0.21732060835292813 
160,1,1.0484200344088062,0.020921148162186116 
161,1,-0.46817145680722755,-1.4713733688465962 
162,1,-0.02720943704099001,-0.7214726469937507 
163,1,-0.3240893551729002,-0.7825133302473849 
164,1,-0.7241080905080541,-0.1189558501842705 
165,1,-0.31180319051317745,-1.6888034238447458 
166,1,2.003918809476174,0.07970295979863593 
167,1,-1.0991846490866306,0.3079067606960502 
168,1,0.14715712193497144,-0.4611411463820363 
169,1,-0.11607848335065983,0.531572710476203 
170,1,0.705156375609927,0.3367506167753888 
171,1,1.4390530569997864,-0.2156499619873245 
172,1,0.41922153223312325,0.15984707877482487 
173,1,1.2046373488089883,-0.5154935724884343 
174,1,1.125608717532972,0.18928087539502175 
175,1,-0.7098004817342506,-0.5132533751858036 
176,1,-1.1343844066178534,0.9169459545256023 
177,1,-0.6229326371319738,-1.3388624047088298 
178,1,0.5204500926020182,-0.4123129952426944 
179,1,1.334952461763423,-0.24546526134115634 
180,1,-0.6995495392359447,-0.29638304365304624 
181,1,-1.4770036473339672,-0.68485553596079 
182,1,1.1328945616192783,2.766005055218767 
183,1,2.0621017184103647,2.3906799727489783 
184,1,2.175005354443311,0.27647232832317964 
185,1,-1.9768983528147166,-1.0055428910551978 
186,1,0.6475248564836046,1.1912745651633228 
187,1,-0.2807087427110887,0.23467681696145515 
188,1,0.2665484877778243,-0.0926473001720832 
189,1,0.6218078609683603,0.4522026222612876 
190,1,0.09840556619475384,-1.086224115080736 
191,1,-1.3275166558718212,0.6939159539946275 
192,1,0.5567568664511561,-0.6776826431264305 
193,1,-0.6485037573291464,-0.5443827962834195 
194,1,0.41138214760592434,1.603313616578694 
195,1,-0.23694751773121836,-1.670487184535442 
196,1,-1.6809207172434,2.680099822047583 
197,1,0.4186877099411741,-1.5650975416569148 
198,1,0.5505513897104959,0.39851922137918044 
199,1,-0.029838071695897025,-0.2037620977526548 
200,1,-0.19625642704657315,1.0041838081893677 
201,1,0.3996680980421178,-0.34535882945755997 
202,1,1.325027403642188,-1.4830739350986164 
203,1,-1.1405102457797818,-1.1524945946154765 
204,1,0.3892145069612,0.7720572556315158 
205,1,-0.6461732790939563,0.6296927038819623 
206,1,0.6247212594936923,0.21887262697193313 
207,1,0.19522313568171618,-0.3289442026640631 
208,1,0.1957176406861224,-0.8990944654453639 
209,1,0.5311604814348717,-0.8236602064066959 
210,1,0.05600380514987936,0.46681635879643013 
211,1,0.6659928792912325,0.10279882719351247 
212,1,0.6539398356018592,-0.25925717009426624 
213,1,0.7804873627371742,-2.6943870704599906 
214,1,0.6639519976037647,-0.8527732219952602 
215,1,0.5320407320650777,1.1031175258648984 
216,1,0.8646722313946011,-0.8756503528122683 
217,1,-0.045558886720818384,-0.1658103677983029 
218,1,-2.403141131122053,-0.2105437010890077 
219,1,-0.0980087990554296,-1.1123739382905746 
220,1,1.7586148588238124,-2.102998201051832 
221,1,0.36568950402267314,-1.795238141889485 
222,1,-0.14142164424856785,-1.576975286398678 
223,1,-2.3792015827983928,-0.0050068047930332624 
224,1,-2.2997122307841016,0.7427096291186343 
225,1,-0.9778576754497229,-0.5557425679539212 
226,1,-0.5256481540620533,-2.0017588628517085 
227,1,0.9905614341023579,0.02375734651234932 
228,1,0.5201394471493294,-0.39622956562282047 
229,1,1.8291540356649765,0.5823388081505131 
230,1,0.21353689145650176,-1.4117674070677015 
231,1,0.21183885090934337,-0.9798715700456583 
232,1,0.09503298470061107,-1.0437033058685543 
233,1,-0.24862102437740324,-0.7999284737137873 
234,1,-0.06811698470170895,0.39172576039966245 
235,1,0.16307954861996862,-0.4837930085090081 
236,1,0.5177443977880029,-0.7566566696082012 
237,1,-0.06579137877496641,0.2974466138137547 
238,1,0.13770347668312968,-1.575595351526496 
239,1,0.8360191070248898,0.005819584165206341 
240,1,0.6127698088939437,-1.0055965569356304 
241,1,0.4981150271988724,-1.6192783059301585 
242,1,0.8554268318666769,0.3519104098145245 
243,1,-0.3241491751790637,0.13794352291526105 
244,1,-0.2586735454908516,0.20408645148503068 
245,1,-0.6026099722922309,1.3968428905578614 
246,1,-0.4110094907150272,-0.3932775412683327 
247,1,1.0007182034295194,0.6299043619144591 
248,1,-1.830048657903034,-0.8606635179041322 
249,1,-0.784241844145194,-0.8023314148335505 
250,1,0.9883452394912645,-0.09193600025151027 
251,1,1.1760142560614575,0.8519107888886661 
252,1,-0.4826361038332892,-0.2257068050186681 
253,1,-1.714105919750477,0.1469252132992671 
254,1,-0.028402485887175886,-0.23291502035725403 
255,1,1.235688441703072,-0.8075505604080957 
256,1,0.2844451671023635,0.674365081768386 
257,1,-1.7924532738907757,-0.4299453997434071 
258,1,-0.9396179545465717,0.6040165639678802 
259,1,0.7912854513875779,1.130165613484065 
260,1,0.654215318579052,1.592375598694884 
261,1,0.9039194732984842,2.361445431809435 
262,1,-1.1205339620052865,-1.0386572862680028 
263,1,0.649102059517466,-0.3170624791314391 
264,1,1.0406484161687048,1.1155387271864934 
265,1,-1.5838601761882547,0.7584523486896328 
266,1,-0.761871953734413,0.027499576221384044 
267,1,1.4829667672091436,0.6968795933705311 
268,1,1.555100663948684,-0.03576760483910465 
269,1,0.491967869286342,-1.4492409087393594 
270,1,-0.28541339032089985,1.0976510000001625 
271,1,1.555781545595306,0.3466003103682483 
272,1,0.4734719882669461,0.9849219732689757 
273,1,-1.3811797031337822,-0.2908534049922878 
274,1,1.041625868112929,0.6972835227607738 
275,1,-0.21875743249144475,-2.02965954279283 
276,1,1.1049639775957876,1.7825910178690179 
277,1,0.3650332310350915,1.5071841514187059 
278,1,0.365340035130805,-1.5105399919596019 
279,1,-0.45212045197210793,-0.461707813593226 
280,1,-0.5056264571918891,0.2704774303272936 
281,1,-1.9014209438645635,1.1640053779021682 
282,1,0.8917379878068146,-0.28181384421479816 
283,1,0.46111153879339595,-1.0316273681971326 
284,1,1.0374994955394496,0.5871296947194745 
285,1,-0.9847203241611726,-0.37452895362342187 
286,1,0.709822108862055,0.2382303441561913 
287,1,-0.49151560322901816,-0.22340049770318346 
288,1,-0.6844715951979954,-0.7308834107978136 
289,1,-0.6129862791168325,0.44012805821684964 
290,1,0.069910422139363,0.6461014866302803 
291,1,-1.3074850982688015,1.4914899923096652 
292,1,-0.6002318072412346,0.5798784451994594 
293,1,-0.6718884734780485,-1.3142335896918336 
294,1,-0.021930298283876454,1.445133614708389 
295,1,0.23895352816746226,0.6013081125650269 
296,1,1.2438214651988044,-1.4484281654259887 
297,1,-1.1859822211261897,-1.8161578818012512 
298,1,-0.26095056760388324,0.9809627317449043 
299,1,-0.3153318472388563,1.8154370604974346 
300,1,0.8377730664504832,-1.0673778893476267 
301,1,0.7451281608326799,-0.040628218294860186 
302,1,-1.3804740391963775,-1.5628470645968444 
303,1,1.0569289016712906,1.4612423552499414 
304,1,0.1834786554806993,0.9209874947312731 
305,1,0.3909814092472486,0.14382700097978737 
306,1,-0.3423511645313139,1.4264133181728333 
307,1,0.9474622114837803,-0.4566606638846721 
308,1,-0.1910518318882384,0.6696098047937947 
309,1,-0.8442990135254373,-0.7948686624512081 
310,1,-0.604826087535985,1.01526002877332 
311,1,0.24186649014724054,0.4108960693085441 
312,1,-1.711635332593439,2.0026884082451377 
313,1,-0.155548771106288,-0.6011537380650461 
314,1,-0.09497818712758753,0.6931642578577364 
315,1,0.5829899693343287,-0.8445538187855405 
316,1,-1.0883528645740108,-0.13815204456212124 
317,1,0.5691372326427835,0.16340572018284202 
318,1,1.05185347055579,0.6251672417991079 
319,1,-0.2778712431676405,0.026589716443300233 
320,1,-0.7316118881611832,0.4117568114223665 
321,1,0.8322706221134516,-0.3428226417437117 
322,1,0.9349254975797937,0.557418319829481 
323,1,-1.2014978089329151,-0.8344449002904687 
324,1,0.675826854866942,-2.633138188402715 
325,1,-0.19284489871368005,0.4280383314612182 
326,1,-0.29132386301939545,-0.15266522488257273 
327,1,0.2211035048659582,-0.6415752638653434 
328,1,-0.31322130449827673,0.0844732632228611 
329,1,0.425865552837852,0.4398561688625992 
330,1,-0.17419796759204983,0.09227682106798166 
331,1,-0.30051000061207056,-0.2539672390368941 
332,1,-1.576771310859483,0.4452201674470045 
333,1,-1.1377420048461122,-0.42666868781037603 
334,1,-0.3029410471838112,0.5355037557555091 
335,1,-0.47042123840643246,-1.2031594731626616 
336,1,1.05861336074926,1.0098312621479464 
337,1,-1.2773137859004169,0.34781822615443037 
338,1,1.1055928592438633,0.8062384689397368 
339,1,-0.05241799365187814,-0.9942440403645514 
340,1,2.329626456732038,-0.37192326646577545 
341,1,0.34222102074875704,1.198105009839101 
342,1,-0.04739079923730103,-0.4641386282621768 
343,1,-1.0949175294667943,0.7892747984321392 
344,1,0.4168678078985967,-0.3907704506332301 
345,1,-0.19536383224830195,-0.7906921279946354 
346,1,1.4167542814543477,-0.6729822281889482 
347,1,0.039035241151664984,-0.6852539728986258 
348,1,2.130195295504198,0.4386004695470911 
349,1,-0.2032552077140548,0.4183243328215267 
350,1,-0.35336959053611344,-0.440883666678238 
351,1,-1.1550096080619012,-0.7283514001065216 
352,1,0.37794409080926317,0.4988266505878135 
353,1,0.015527789757867165,-0.23265473139793783 
354,1,-2.1211368724685133,-1.3042769699930712 
355,1,1.4079903616830327,0.14791087395645472 
356,1,0.9729908444003079,1.333453763341488 
357,1,-1.0664384692224071,1.3786088375792434 
358,1,-0.18316311709265007,0.3254258647306003 
359,1,-0.2537849307939674,0.5368701702449784 
360,1,-0.3276296878122203,-0.2216355949402102 
361,1,1.6682921698399558,-0.7554914577008188 
362,1,0.40143857202957156,0.46717295763966066 
363,1,-1.513676807311467,1.876583965854491 
364,1,-0.40096218779988096,-0.22304827603683025 
365,1,-0.1451291815621254,0.02309000106860928 
366,1,0.4925525932360341,-0.9449916123688967 
367,1,0.3782271562941313,-0.14324525537421215 
368,1,-0.7839971763467538,0.5757858400830809 
369,1,-0.640449538693004,0.49276846589822887 
370,1,0.0943552672302786,-0.11552643255883854 
371,1,1.74314281325722,0.5966946616944109 
372,1,-1.0577643153084964,1.2545584093183961 
373,1,-1.3820667673326243,0.396008401373906 
374,1,0.5696648378469757,-0.8497344113508787 
375,1,1.0758995949013337,-0.6113526778234417 
376,1,1.6853053990550677,0.07960615171513441 
377,1,-1.4911956121565315,-0.4817944551146563 
378,1,0.5049514922278496,0.786195886435317 
379,1,0.32921820573024135,-0.7175823426077156 
380,1,-2.436791313337891,1.3459820514312466 
381,1,-0.4002419585089996,-0.7486978660841269 
382,1,-1.2094857167631667,-1.1153386268792362 
383,1,2.325707985344974,2.2971344463923473 
384,1,-0.2917677975901834,0.9540821639640453 
385,1,0.221484487400922,-1.41385962356865 
386,1,-0.41391320734629705,-0.025329403692275123 
387,1,1.5299727955801625,2.7654298886106745 
388,1,0.8141679145283215,-0.085402832526471 
389,1,-0.1954460175732875,1.2740453905747928 
390,1,0.769453589009748,0.04469249095017987 
391,1,0.7468030362072996,1.6774863091888688 
392,1,1.211867044804828,0.3210350585379158 
393,1,-3.1971033735756853,0.4938203739692044 
394,1,1.5162636419717792,1.266051038362579 
395,1,-1.9581589422392611,-0.02464667010532736 
396,1,-0.7542393191579756,-0.40544621064072045 
397,1,-0.7396935691865666,0.6471222410300961 
398,1,-0.049696844264370245,1.7021817654932185 
399,1,-0.39215481882777803,1.383616285119267 
400,1,-1.4589899109248774,0.0202596314693032 
401,1,-1.5704585821086245,1.297317329539067 
402,1,-0.6952591742770395,0.5884710841326519 
403,1,-0.21693832697967474,-1.063779032822133 
404,1,-0.6854488071504244,-0.5670217299814223 
405,1,1.1215156371654533,-0.563969879333681 
406,1,-0.8665499361310945,0.31854796521149614 
407,1,-0.3338062798818424,0.9944926488020253 
408,1,-0.4477116536039531,0.5307311626097785 
409,1,-1.9125807288461927,2.2115183832472978 
410,1,0.34492607172820805,-0.8336963044073005 
411,1,0.19693263880791495,0.09542392074237506 
412,1,1.817275874020243,-0.30325187393192476 
413,1,0.8343586862357483,1.2069814046083358 
414,1,-0.6298115920830548,0.8456882297661473 
415,1,1.6647390025516713,-0.8915778668946363 
416,1,1.1967308314410336,0.9502798741069879 
417,1,1.4637991885529893,-0.608572298598071 
418,1,-0.7897748432317849,0.6319904848778799 
419,1,-0.14759381227846502,-2.0704406406941307 
420,1,-0.43565412119314006,-1.258971154340958 
421,1,0.21548458955594427,0.16561956754442128 
422,1,1.628690325320088,0.6502136778968652 
423,1,0.9278840469628146,0.9580479368555234 
424,1,0.46733909284938624,-0.3827339224553757 
425,1,0.8459536415325458,-0.047832246240228006 
426,1,-2.498612054932398,-1.404456464280117 
427,1,-0.8442450764422323,2.000097635145163 
428,1,-1.6420932216343167,0.002679750901620054 
429,1,0.14354967931205836,0.5634916761068015 
430,1,0.7028479793591879,-0.19406987465813197 
431,1,0.5361584793407022,-0.7406314827531268 
432,1,0.48762519543180355,-0.015518654751037917 
433,1,0.30834451945550756,-1.4263977320893118 
434,1,-0.4366333117516357,1.3421115059892603 
435,1,-0.47876565063220883,-1.8254634022770537 
436,1,-0.21953674589701078,-0.08422778731302429 
437,1,0.5449665772200509,0.3274273267136464 
438,1,0.062469036148943745,0.043014923490956286 
439,1,-0.9048880888329407,-1.6894054060088743 
440,1,1.3041123512547284,-0.5565551237889118 
441,1,-1.2994483903061043,0.9768355048283827 
442,1,-1.6624272154268436,-1.2853114455501857 
443,1,0.2811767428824069,-0.3771441093011156 
444,1,-0.247111940431068,1.2901484012178752 
445,1,0.24993621332572208,-0.9315093002602892 
446,1,2.2633724880418473,0.6345848054044116 
447,1,-2.4025583164303743,-0.23795325862918418 
448,1,-0.8288984257436485,-0.9477122714362857 
449,1,-1.2561560138176655,0.25730340484752634 
450,1,0.8986617228381704,-0.6863173771534238 
451,1,0.6502785243614068,1.5120120821793614 
452,1,-0.14483177756917284,0.23320102413027854 
453,1,-2.4539112428280285,-0.8494928485462506 
454,1,1.2728584700444758,-0.7751960913844775 
455,1,0.5328568361234157,-1.0039805351912237 
456,1,0.9926386596414013,-0.147937464492184 
457,1,-0.2965509537508887,0.005062009614411986 
458,1,0.13105580349606508,-2.0358487155387817 
459,1,1.1534142879941978,1.1973256786046078 
460,1,0.07802288839687471,-0.030563864496241176 
461,1,-0.874976525145882,-1.381023850247893 
462,1,1.2634809409513554,0.7079414388787567 
463,1,0.9905134393333396,-0.51637320714531 
464,1,-0.5633382180783973,-1.541330973761047 
465,1,-0.24085949343689633,-1.449726241057636 
466,1,0.6492165873467064,0.017469193736324967 
467,1,-0.5552757114003128,-1.1558543765247777 
468,1,0.9264346777400578,-0.36368519718196546 
469,1,1.3341357755074936,-1.129574182085132 
470,1,-1.3192357517806965,-0.4510110459874584 
471,1,-0.631372817120451,1.6750256454900276 
472,1,-0.5123648577250272,0.37497053276488335 
473,1,0.4938443950903626,-1.063647202708568 
474,1,-0.16248032399078444,0.46995392251728996 
475,1,-2.3814666964505853,-0.8814966497218737 
476,1,-0.7395681367494439,0.07615295996930826 
477,1,-1.6173218896961863,-0.42179286529994975 
478,1,0.25584698801850414,1.4843015987260775 
479,1,-0.16230769955974286,-1.1243264156022503 
480,1,0.08246518691639712,0.6110535718419163 
481,1,0.6586220988320673,-0.8782049830538506 
482,1,0.5814660226262665,0.8682882069638093 
483,1,0.12126828780503528,-0.9684337483268172 
484,1,-0.32100020434971555,1.2455925002708432 
485,1,-0.3309439052004332,-1.2411188240141824 
486,1,0.1301172217586275,-0.4368633036885013 
487,1,0.5209926446028006,1.0413484257814865 
488,1,-0.4707412293200505,-0.7840191131340785 
489,1,-0.18328057782306617,-0.14737629304798014 
490,1,1.7586954384196185,0.3230320936128851 
491,1,-1.2167835716423494,0.3276770206922743 
492,1,0.9648191578263287,-0.5453182455508432 
493,1,0.6141630803960146,-0.9987515431362564 
494,1,0.3963704879976828,0.46362091765813784 
495,1,-0.29499789328111525,3.0740597843846413 
496,1,-1.263874165403222,1.0624031264140683 
497,1,-1.51926195289773,0.7629554062299819 
498,1,-0.4541160121100219,0.35096742611452286 
499,1,0.8506351314360654,0.39588528405101703 
500,1,1.2507650553468783,0.22714362309774258 
501,1,0.5825795775285503,-0.6249575271152125 
502,1,0.6775637983768933,0.5554100557068304 
503,1,1.1184715488656192,1.4631621599578093 
504,1,-0.40038007349393595,-0.08925173196923694 
505,1,-0.6474110845280975,-0.9634696848543269 
506,1,1.332976034479432,-0.15821669172412078 
507,1,-0.9775072757906141,0.23910693689982207 
508,1,-0.1616338432966294,0.8028810276250627 
509,1,-0.18309115369865217,-1.932170153754697 
510,1,0.8023227689665952,-0.99538205727305 
511,1,-0.2971598908608741,0.5005800084050286 
512,1,-1.3650690525204785,-0.7811674207385736 
513,1,-0.5432445680628244,1.720455302446239 
514,1,2.2095686622240645,0.774495535145063 
515,1,-0.3286367620414584,0.02238771389343356 
516,1,-0.2859771722870628,-0.8087757625727049 
517,1,1.548683175029647,-0.18561907938582642 
518,1,0.7723395485475251,0.6624945288940802 
519,1,-0.29389134690425817,0.2988534371935468 
520,1,1.222135914026712,1.73969764010778 
521,1,0.003954371968252651,0.8082571382860185 
522,1,-0.7234838700978681,0.5210261592627609 
523,1,-0.8288623250146558,-0.14988872654142107 
524,1,0.2250626580949053,-0.8133840621021253 
525,1,0.733347103505578,0.5570311652864636 
526,1,-1.6783186176628362,-0.9340787360800851 
527,1,-0.6554323960617816,-0.9651211229612933 
528,1,0.8221380552737995,-0.22774973787000322 
529,1,0.7290430915591247,-0.719851090780757 
530,1,0.5074027321929919,0.06516963642835488 
531,1,1.7286789032632697,2.01613688062971 
532,1,-0.04041986382104818,1.0665314701864406 
533,1,0.05420528738524512,0.45188314982593125 
534,1,0.024575128531267948,-2.3138588067774495 
535,1,0.9675097254069811,-0.5693586400262748 
536,1,0.961004968985852,1.5912903654774992 
537,1,-0.8291137830584315,0.880830735624707 
538,1,-1.4435134020719869,-1.9598186985724508 
539,1,0.9091347745700736,0.9189053967449934 
540,1,-1.5834541771179114,-0.9061686924876038 
541,1,-1.1121935037747028,1.6105293233822442 
542,1,0.6225835743545868,0.3254449831226976 
543,1,1.9014582729985947,0.2821538735617894 
544,1,-1.7911834750842268,0.3688137305614108 
545,1,-0.16139642511646898,0.22406749959551875 
546,1,0.62013270728518,0.5617845387345566 
547,1,-1.3978135180646407,0.15421047280765834 
548,1,-1.4379299608269862,1.5391053639994843 
549,1,-0.626489328741332,1.2157440708211267 
550,1,-0.8577334717619888,-2.557770001252477 
551,1,-0.2144449885835899,0.6529254031725521 
552,1,1.8681738261862353,0.4064372065413945 
553,1,0.9270894641548652,-0.0174378216011829 
554,1,1.0277577426854745,0.5785902238962224 
555,1,0.5050665186553596,0.6711584861131841 
556,1,1.6072702116319666,-0.256239189391811 
557,1,0.052234780070945,1.6277362288858481 
558,1,-0.7277192287339936,0.09944298240101736 
559,1,-0.04537862837345005,1.1538585759209563 
560,1,0.47142698105887226,-0.9894772612746171 
561,1,-0.0776062316719189,-0.150097377925913 
562,1,-0.9612804534637254,1.4923151745781704 
563,1,0.2956723176251052,0.6505139026101409 
564,1,-1.915146145286196,0.8660652684269049 
565,1,-1.041992341290505,-0.10189437990675808 
566,1,0.2539182024114852,1.3690736517876976 
567,1,1.6695729867662328,0.5164569078230948 
568,1,2.1314628066423373,1.8150338343513597 
569,1,0.050857194449951,-1.1194163179273324 
570,1,0.2700595781333051,-0.6862833591905009 
571,1,0.986574965034946,0.36458514461256897 
572,1,-0.314661647951331,0.5940589876069129 
573,1,1.9960877665417072,-0.07352805712977997 
574,1,-0.6979775118902636,0.8618961385143514 
575,1,0.4601424752651647,-0.9037411277982637 
576,1,0.14040032208936148,0.8816571873665372 
577,1,-0.6774237078154286,-0.17971799712664754 
578,1,0.4047813132146653,-0.5335743202202663 
579,1,0.5219051641941793,-0.8047405029273137 
580,1,-0.5044590343633973,-0.2207686672036771 
581,1,0.5877929324299562,1.8228377358248522 
582,1,0.3867641472028699,-0.580344952557934 
583,1,-0.8876286123828623,1.634973956767236 
584,1,0.8753653066618067,-0.5147229904522175 
585,1,-1.0492976749650063,0.35221865377606204 
586,1,-0.04892980472357806,1.6808622592074915 
587,1,-0.5764739203568983,-0.6216385969493733 
588,1,0.8315827377791292,0.5801840559283491 
589,1,-0.18352979258774124,-0.215191022336552 
590,1,-0.8502541481593279,0.001689224882830723 
591,1,-0.2261395608256787,-0.8460789266549671 
592,1,0.8821416482143579,1.6003388808777708 
593,1,1.093237744258922,0.9859986535974817 
594,1,-0.5889558777037877,-0.7214781486466343 
595,1,-1.0211951343566097,-1.426176706643011 
596,1,0.7374785718109824,-0.8064151238403471 
597,1,-0.02145414986351878,-0.8701407915238576 
598,1,-0.967392116616411,0.44773662184807794 
599,1,-0.5208047482628801,0.17824377448227088 
600,1,-0.4310019088101932,1.7454879504241247 
601,1,-0.06123857389191633,1.8393654356869045 
602,1,-0.9534099051396864,0.5816066195147515 
603,1,-0.040346133947417186,-0.24062789423833408 
604,1,0.338250144079199,0.6323575100312698 
605,1,0.24654914670205946,-0.11150349991745431 
606,1,-0.788916430035608,0.05580611717207548 
607,1,-1.1640738375072008,0.015280722956765781 
608,1,-0.4693659310026863,0.0636057597012906 
609,1,0.34421535271470577,-0.7787036614395849 
610,1,-0.415322339889313,-0.03419402609391253 
611,1,1.0444004390958272,1.3475879109475737 
612,1,0.8201507243431646,0.8751327609478156 
613,1,-0.9363592218398773,-0.6430080510148216 
614,1,2.676942781141187,-0.11656385510682475 
615,1,1.0681694790955472,-0.6655062694847969 
616,1,-0.5368020995841973,1.0956966395475998 
617,1,1.2101632598391938,1.7801251366758857 
618,1,0.14984146698053466,0.5679544867235586 
619,1,-1.2279906681889452,0.20997429949532193 
620,1,0.10103767434201909,0.022868163270668637 
621,1,1.3864233708750464,1.9017071512011459 
622,1,0.26529234917901645,0.4622614069376224 
623,1,1.140617122707309,0.26718911459571026 
624,1,1.9426697084726539,1.486117994086778 
625,1,1.5998388914912494,-0.08769947803368962 
626,1,-0.9335583220160548,0.6675191940110051 
627,1,0.6262413751263864,-0.190835499925258 
628,1,1.1364322777856115,-1.5565379819068381 
629,1,1.1897628404820233,1.4463691286925946 
630,1,1.3783499882405763,-1.257148494150039 
631,1,0.6376864306338766,-0.07977755100153895 
632,1,-0.31636127355339305,-0.49148955283685253 
633,1,-0.04527703195339636,1.2967592660936005 
634,1,0.141395979202609,-0.9645003320341801 
635,1,-2.2559292019252295,-1.8585332427455379 
636,1,-0.17428465021085482,-0.0356101273744002 
637,1,0.05170718794418785,-0.26460313602614666 
638,1,-0.38265514582099114,1.2362048699707036 
639,1,-0.9990892870922865,0.7496596702190209 
640,1,1.194878008990749,-1.2254716301084054 
641,1,-0.2860704795158593,-0.6525139623039885 
642,1,1.0795261082785905,-0.49202129370967157 
643,1,0.6006437591677668,0.2014098197164218 
644,1,1.7451429959534,0.9147010329257459 
645,1,1.309362811476292,-1.5347047740219322 
646,1,-0.16526373409823672,-1.461746253908615 
647,1,0.3136165160771978,1.303663964498144 
648,1,-1.084704971374332,-0.4670186791184887 
649,1,-1.206739080410688,0.7776507409796772 
650,1,2.172322792821902,1.629048471425368 
651,1,-0.8950722445094818,0.0772349647767997 
652,1,-1.37455348371748,-1.2243600148247566 
653,1,-1.0272331132604862,0.19161175754518953 
654,1,-0.26892891619210035,-0.04024684850929504 
655,1,0.6740640263636009,-0.0458151229150086 
656,1,-0.5831297122499002,-0.8879613049892036 
657,1,-1.8404917463521349,-0.38912931606247225 
658,1,0.7955179493482653,-1.1099809622935826 
659,1,0.23397680840819854,1.3051686604067747 
660,1,0.7552951658663143,-0.37324180829701703 
661,1,-1.2959119921651934,0.42431605551167545 
662,1,-0.4400985327503875,-2.1094287652198016 
663,1,-1.731225502870927,0.9708817620074871 
664,1,-1.0151407274703175,1.5327299724532872 
665,1,0.09849837493113175,-0.7905891485084295 
666,1,-0.0574859482608045,0.17369516636105187 
667,1,1.431103063743152,0.051230422342952386 
668,1,0.5005107834816087,-0.714304299745564 
669,1,-0.49081433827241533,0.11795085528223333 
670,1,0.056815166976625815,0.48845277108630614 
671,1,-0.6412107862731233,1.4974130739369964 
672,1,0.5283047031003781,-1.7195182955318427 
673,1,1.3633990032646144,-1.9482810245962159 
674,1,-0.4182223131584425,0.5115675475005549 
675,1,-0.8374481677277502,-2.134108663863642 
676,1,0.6373494207825183,-0.7791880743947979 
677,1,0.6611978311881171,0.3697237204054476 
678,1,0.5326228722987705,-1.172562181628738 
679,1,-0.7403723578310755,-0.21700645207641073 
680,1,-0.38928125802438146,1.9688950868457484 
681,1,-0.7095002651867313,1.4426016686716003 
682,1,-0.6116098073235384,-2.6151306890799244 
683,1,-0.931100089510412,0.43510982300577716 
684,1,-0.12140853874839005,-1.9061937913284017 
685,1,0.9476770496315848,0.7501878855880886 
686,1,-0.9133712828118608,-1.5236301372230878 
687,1,0.5695476255833911,1.3901438803161668 
688,1,-0.8910828711075235,-1.0917843933375924 
689,1,0.27824225768879757,1.6471726413542802 
690,1,-1.0832358747923188,0.44096821901979344 
691,1,-0.8156711138504567,0.66705328944843 
692,1,1.070651754539368,-0.1586074503353139 
693,1,-1.3767775016897985,-0.8860662124100467 
694,1,-0.8072749954876804,-1.0375818371129266 
695,1,-0.9992159036262358,0.6724775300333395 
696,1,-0.9512834149349956,0.9785179555667226 
697,1,0.14529187297249233,0.6355211383396737 
698,1,2.4461590354265885,0.32329060659347286 
699,1,1.0005107685125176,0.21956600091374343 
700,1,0.8028561650026633,-0.8950749606167455 
701,1,0.5049334345393226,-0.10273349676257684 
702,1,2.04615554745447,0.1610245297450036 
703,1,1.2932140780653736,1.7965993681575527 
704,1,-1.104643301197936,-0.6698791056927612 
705,1,0.8172898555305508,-1.2135325023521688 
706,1,-2.687629696744724,-2.532152764266285 
707,1,1.7422985900548074,0.3445373136895969 
708,1,-0.18681085261011388,-1.4062983198420567 
709,1,0.1808121758998623,0.8103527115113872 
710,1,1.673853383663183,-2.160606222746677 
711,1,0.43360744582025423,2.798794048927413 
712,1,0.9332019585893366,0.2905139100114681 
713,1,0.10647811294183544,-0.067782192755297 
714,1,-0.14437918179228906,-0.43449072729157445 
715,1,0.7315117205189625,-0.6592255835277202 
716,1,1.0700807751584733,1.0565294443065745 
717,1,1.1895884777089714,2.038391800109002 
718,1,0.3404569539631721,-1.0668022409614917 
719,1,-0.7673644608186282,-1.121419798862083 
720,1,0.3355101794328997,-0.23055067553032896 
721,1,-0.949931772418115,-0.38085876397016216 
722,1,1.1875805290431793,-0.5643380985498064 
723,1,0.6510496214392814,0.28589611096592776 
724,1,1.667347906014406,-0.3583250463048406 
725,1,-1.2848563675032791,-0.6985746896677124 
726,1,-1.0625471204370522,-0.497051460834571 
727,1,0.1749994989167432,0.9129645971084034 
728,1,0.2025012795569117,2.2941743079754975 
729,1,0.22746218959005984,-0.38456294328581847 
730,1,-0.2517068179843284,-0.9482316809223156 
731,1,0.5221955243425247,0.9633990337978502 
732,1,0.15958876254908794,-1.0030243881025789 
733,1,-0.5942418627989392,0.02779169556410942 
734,1,0.22138537495624735,-1.2304573381591069 
735,1,-0.36647241026293725,0.43133416345318293 
736,1,1.0509332989368099,0.6224366992611172 
737,1,0.35272501988176136,0.4413777911303814 
738,1,-0.5766302889961074,-0.275121313181118 
739,1,-0.8008801101959925,-0.36794117312947355 
740,1,0.030472925343891438,0.48991683019149523 
741,1,-1.3616912097669083,0.5852777807264051 
742,1,-0.12063723960686337,0.06176828587107179 
743,1,0.41700802211501864,-0.3196805625221655 
744,1,0.1435017130962527,-0.9456833630209202 
745,1,-0.7030567254276389,0.13970500825130489 
746,1,-0.43692532009889645,-1.2022168618345594 
747,1,0.5563167118136119,0.05506249218201785 
748,1,1.7466828918581043,1.0719031814977862 
749,1,0.3249575828637255,-0.9054422571908955 
750,1,-1.9898313370010685,0.5302374543284264 
751,1,0.11459681881977404,-0.253745264966157 
752,1,-0.6716874547146645,1.5327694220854247 
753,1,-0.08607012948392016,-1.3338465225021405 
754,1,-0.9154119715794384,0.4087939453231818 
755,1,1.539138336193658,1.092291269960564 
756,1,0.18591987863600323,0.4042213154850001 
757,1,0.00470057501163147,-1.361808988475396 
758,1,1.933316133185722,-0.6036335974506177 
759,1,2.3943994924559204,2.3890573477203247 
760,1,-0.6920795581304262,0.5187280860852785 
761,1,-0.46705107572693555,0.13879797528942983 
762,1,1.6356668735928424,1.5811700898788452 
763,1,-0.13501778639233714,2.0164773929909128 
764,1,1.3035763796868576,3.123500263964251 
765,1,-0.39133426087975837,-1.4969490712540943 
766,1,-0.9986437394037522,-0.5417325084812717 
767,1,0.050996476777055585,-1.5347435060485297 
768,1,0.17629869142267685,-1.358499343988483 
769,1,-1.10417260524688,0.8403985127080641 
770,1,0.17992575944293135,0.049760446533912046 
771,1,-1.7369992405995747,1.2204203141886403 
772,1,1.2604733963850048,1.965626768164078 
773,1,0.02415237945515133,-0.736474787404809 
774,1,-1.643503214514663,-1.417996397717476 
775,1,0.37886538903191685,-0.7948161045207625 
776,1,-0.19475867324673254,-0.1846093728080561 
777,1,-2.1760873190112604,-1.2894183655481397 
778,1,1.338762127791686,0.17303653981797784 
779,1,0.549455687158156,1.404474969843261 
780,1,-0.9841355997005926,0.05883292704245572 
781,1,1.8539465416944216,-1.677051967521384 
782,1,-1.7557950422186135,1.418296076666787 
783,1,0.6775269848428146,0.5341998583832731 
784,1,1.2303260081700351,0.02047922772249262 
785,1,-0.5419737288185735,1.7908421555486542 
786,1,0.7731665116482349,-0.8694967530672355 
787,1,-1.5424498183009558,0.07201639399739632 
788,1,-0.04111581707072408,0.2968045843662742 
789,1,0.3041785171860375,-0.07624671839403051 
790,1,-0.12117729486022909,0.5806891969615624 
791,1,-3.8245908916406825E-4,-0.18247094526338523 
792,1,0.16494419812852226,0.22847053674039117 
793,1,0.3269211968355929,-0.12822040772841897 
794,1,-0.3296057058985384,-0.7185603222292414 
795,1,0.5202164668546213,0.06886899160938256 
796,1,-1.317188738090118,-0.2855045791577886 
797,1,-0.8244684577027145,-1.624507084756667 
798,1,-0.3535792548568435,-0.0021941511277055485 
799,1,0.2679393145873209,-0.3969807610437432 
800,1,0.8183789068858873,0.35492901588286346 
801,1,0.7687962997397366,1.004492118944109 
802,1,1.108537333751326,-2.0663593826017115 
803,1,0.29871216102021847,-1.790476034232236 
804,1,0.883067923228171,0.4357262085271297 
805,1,0.8267619319908196,-0.41300208988653125 
806,1,-0.010643885333974139,-2.130858104685101 
807,1,0.5868187053564926,0.6608832703110454 
808,1,0.5559360594269663,-1.5882450469006981 
809,1,-0.3819626117804333,2.089866522940344 
810,1,0.3191899076192992,0.5716905051438149 
811,1,-0.05585112072917075,1.041197718269011 
812,1,-1.7493519773257742,0.806636085651369 
813,1,0.36213353394959386,1.8989036726176642 
814,1,-0.4753994910305416,0.9086930099496954 
815,1,0.5227541833479215,0.01678753000618762 
816,1,-1.1740098483183659,1.1911525355599564 
817,1,-0.08722477660042408,0.1730119842871548 
818,1,0.9284871168268186,-0.48933210150870143 
819,1,1.6272535388075098,1.217607404101299 
820,1,-0.22377819722016853,-1.911286999073369 
821,1,0.8092433608061389,0.45991146657387244 
822,1,1.7429026069268552,-0.20494477604843553 
823,1,1.021358058556846,-0.15729486970793652 
824,1,0.999722217320223,-0.5856182025030868 
825,1,-1.6329787127504367,-1.334079551140246 
826,1,1.0915260995235723,-0.13671910051713784 
827,1,0.7641599988807227,0.5481487417087245 
828,1,-1.9982705546999777,0.834837771889408 
829,1,0.04410401241811921,0.5455585497364462 
830,1,-1.4109760075088094,2.5516806340593763 
831,1,-0.5022789490948418,0.5945138705596203 
832,1,-0.10696284079006306,-1.2309019039104814 
833,1,3.0173833337127367,0.07106195693086621 
834,1,-0.7285705167070243,-0.8227545583891656 
835,1,-0.370347276191504,-0.3763462685812559 
836,1,0.6772777270858534,-0.5063096824267167 
837,1,-0.1443744144137449,-0.3025830663417459 
838,1,-0.5365652005146364,-0.4558531014994074 
839,1,-0.0806536029453956,0.45055314885222497 
840,1,-1.105937592697488,0.7926989304991693 
841,1,0.06381629662468942,-0.01337479995208471 
842,1,-1.383497512966039,1.0078456786150538 
843,1,0.748014815394662,-0.07771304529876548 
844,1,-0.32302306335408293,0.8114960578662354 
845,1,-0.0017318562789865174,-0.5259286036907224 
846,1,0.46398928433434766,-3.218966350593765 
847,1,0.7844674579083528,-0.002019255772886172 
848,1,0.9623077726927567,0.2276306214493075 
849,1,-0.9222157372685943,-0.4311516617609615 
850,1,-0.7249777005632375,-0.5372526739677338 
851,1,-1.2669104108034996,1.007849217739112 
852,1,-0.7332789730705588,-0.942148854350347 
853,1,1.4516922194123778,0.6190173036360791 
854,1,-0.26072643194534184,-0.7597156594963489 
855,1,2.1476961460169495,-1.053138400525507 
856,1,1.0728191445008801,1.3747130462435497 
857,1,-1.9372966471549609,0.6324758710964128 
858,1,1.6339711090761184,-0.7686052000131339 
859,1,0.6124642412667701,-0.06771027902753635 
860,1,1.4620008470729324,0.2960555710738577 
861,1,-1.6065223866710305,-2.0055160936814347 
862,1,-0.939450105435586,0.2895465281070274 
863,1,0.020643555044402614,0.8270559374982455 
864,1,-0.4819137011199365,0.6879315837926182 
865,1,1.1407584897071785,1.7211905544030162 
866,1,-0.9381249090017318,0.4762130954672956 
867,1,-0.1291601033265776,-1.1809595086344054 
868,1,0.43211261082001906,2.0731269204045324 
869,1,0.9372332786641995,1.1328281124115613 
870,1,-1.717816985508175,-0.04885477482254881 
871,1,0.48418172552050603,-1.09696059060248 
872,1,-0.296246834588905,0.3760363557016908 
873,1,-0.8531800171051119,1.5728171800628703 
874,1,0.6169606236137181,-1.069805133439166 
875,1,1.8769367724047377,-0.7028481080800566 
876,1,0.6854002974392904,0.27471615662988647 
877,1,1.233606353334552,-1.1234198465876637 
878,1,-0.41336097046980463,-0.6729858557334285 
879,1,-0.14927791674009613,0.18418297009620008 
880,1,0.2078614260006245,-1.4188719306940838 
881,1,0.3343353324141936,0.6719921089694763 
882,1,0.6703967313679579,0.49220315942887455 
883,1,-0.8548571158172014,0.43063930636293524 
884,1,0.8983720905931092,0.20445218757178782 
885,1,-2.3105980051312485,-1.0666595132385839 
886,1,1.051609263598989,0.749678984861939 
887,1,0.9183971004881865,0.06685569029643121 
888,1,0.515345813953569,-1.9296088079051186 
889,1,-0.3073537758930761,0.04790556437938112 
890,1,-0.49107528107579757,0.09582788596443002 
891,1,1.1233904270132706,-1.0780036072131076 
892,1,-0.6367768134616063,-1.278426920666761 
893,1,1.1088653251054412,0.1944446059346779 
894,1,0.7763055619301361,-0.5319938410356555 
895,1,0.8145741337288261,-0.7181360686339981 
896,1,0.6721449395667867,0.3372883008248362 
897,1,0.008964711761554228,0.23686281947140359 
898,1,-0.5189049876251647,-0.10584772314570588 
899,1,-0.5781423639804497,-1.1762772653803972 
900,1,0.9074546377827514,-0.6633820031020735 
901,1,-1.446018167120923,2.1900942180417085 
902,1,1.8986380760246526,0.07168610584156936 
903,1,0.1823257105005768,0.6260457394957043 
904,1,1.0498527541066454,0.14899099362582174 
905,1,0.8765398086685984,-1.1490825936202227 
906,1,-0.16152256817560293,-0.09331208220944957 
907,1,-1.3963808246652647,1.8188736942262602 
908,1,0.8621342305481661,-1.471113030064632 
909,1,0.7326613662723928,1.562938726704911 
910,1,-1.1446815872521643,1.0593016368802184 
911,1,0.25032811530959975,0.41861690621060105 
912,1,-1.5942197484874088,-0.025614760248936257 
913,1,1.4791561869036296,-1.6292965146130138 
914,1,0.823296672229638,0.7689738371783318 
915,1,-0.6970816121736257,0.2985814330353995 
916,1,-1.0206168462938157,-0.4831360083255775 
917,1,-1.092129243717356,-0.23658574774208388 
918,1,0.04102000406600537,0.10668443453477884 
919,1,0.17186632667347307,-0.1559915590248927 
920,1,-0.026526111540892204,0.8999309078210022 
921,1,0.17785431420848158,-0.5055368677564958 
922,1,0.11614588158784413,-2.159874858167801 
923,1,0.21447356948188473,2.210762344789058 
924,1,-0.7125163841054751,-0.46121268392236187 
925,1,-0.5894557300702971,-1.0534606079003173 
926,1,-0.8322359130351233,1.354568256007276 
927,1,2.7772112940263782,-0.5870320635945476 
928,1,1.4687099550522882,-0.6469258731782419 
929,1,0.8391380082830314,-2.129972378869886 
930,1,-1.0741444671284628,-0.2633197126040464 
931,1,-0.5411711130541184,0.4239838675366124 
932,1,-0.7115719753377666,1.3054120373610798 
933,1,0.8967381445113588,0.9310070044664782 
934,1,2.273951071773981,0.3374690639325971 
935,1,-1.571601525079785,1.4724085937021303 
936,1,-0.9991456959707089,1.6830935729553007 
937,1,-1.2844630052484372,1.6566730669219907 
938,1,-0.5415025174568632,-1.855863131635014 
939,1,2.3445788739501867,-0.25179554991166414 
940,1,-0.0026087984511382317,0.9206677097654443 
941,1,0.3261716007807915,-0.34675126846819154 
942,1,1.5972202908529538,0.8135280762847004 
943,1,-0.7159877750809611,-0.49036381816719427 
944,1,-0.7379414199703496,0.09460170162507095 
945,1,-0.7207751552804178,-0.04829720336505046 
946,1,1.7814954823918725,-1.37444514206891 
947,1,0.7601391314267956,1.8496805133152203 
948,1,-1.7819626507057111,1.342957174179441 
949,1,-1.6462264464696954,0.013949127702773786 
950,1,0.6479827644354762,0.9850002814335609 
951,1,0.13104110857458698,0.841993921804948 
952,1,-1.3506600641071653,-1.3061203231585714 
953,1,0.2284167955452587,0.2467837525452158 
954,1,-0.7924509053669933,-0.9819700599104132 
955,1,1.3152254829770058,-0.9389164113730342 
956,1,-0.9304652084722753,-0.9699314265516136 
957,1,-1.666194054428926,0.16834262882466086 
958,1,-0.177469073429548,0.11233445116797286 
959,1,0.7323883359681798,1.6718421360667293 
960,1,-1.0559062130438337,1.5927001471400426 
961,1,-1.00558172898047,0.4451773642431622 
962,1,-0.5858236541195353,0.056607696335073565 
963,1,-0.16366129622439016,0.7909514664431079 
964,1,-1.475299707622659,-0.15862205272733498 
965,1,-0.6404015832555948,-1.7205591847848527 
966,1,-1.186328455709773,-0.004759101109972533 
967,1,0.2845401970352763,-0.6049357179565592 
968,1,-2.273860459656299,2.3380474886191407 
969,1,0.08181773276439094,1.2578621449429606 
970,1,0.18288216655624856,-2.985996671211717 
971,1,0.9340457936075356,1.618139585263825 
972,1,-0.5364602446591333,-0.8552169846251233 
973,1,-0.40991302113202455,-2.1216508832134098 
974,1,0.37909151570633676,-1.0134266973156405 
975,1,-0.9548611022613058,-1.0303058651085473 
976,1,0.650595288105241,-2.4653941670882644 
977,1,1.8412121491601996,-0.623774033471228 
978,1,-0.15875240298563542,0.6938693681019229 
979,1,-1.794112367147838,1.595925617042122 
980,1,0.3559192105394608,1.0293242053069742 
981,1,-0.8158944219370742,2.209712719686581 
982,1,1.2301741016161234,-1.0504392436631045 
983,1,-0.3689183909608456,1.1499190115589648 
984,1,0.403231672724371,-0.10025120001745326 
985,1,0.024498942078892288,-0.6250823101829711 
986,1,1.1321990665176944,-2.076678542573529 
987,1,0.006796946561573055,-1.2397855974553105 
988,1,-0.2138396744478259,1.020363349738189 
989,1,-0.7386021732585732,0.34206561245770595 
990,1,-0.14337876659814255,-0.14824000212635535 
991,1,1.6339548400159247,-0.9412213153971966 
992,1,-0.7774637926636861,0.6299034297309937 
993,1,-0.3024063711882714,-1.5884159198812922 
994,1,0.22368949008648015,-1.2015659423845364 
995,1,0.36904558336888893,-1.2027020098646612 
996,1,-0.5505136557047194,-1.3106507777255267 
997,1,0.8965400446063425,0.3781937654423029 
998,1,-0.1289392704497196,-1.217452582380794 
999,1,-0.4601918499974324,1.0340353887394573 
1000,1,-1.334449909939479,0.762832129883667 
1001,2,-0.5667175384994834,0.0016930778920293587 
1002,2,-0.23819073492277257,-0.7529921803854247 
1003,2,0.04676038197893405,-0.9436112122871387 
1004,2,-0.29240158555793255,0.333992353833062 
1005,2,-0.08845621324977462,0.7252968282850184 
1006,2,-0.8726636731881309,0.7239578686237479 
1007,2,-0.3407047395984251,-0.5677992760388645 
1008,2,-0.4608057753886811,0.08032479347587404 
1009,2,-0.8364669389164299,0.8325038449097876 
1010,2,0.09461691675368733,0.0552339485191477 
1011,2,0.38998066005458853,-0.48848332413950263 
1012,2,0.2760383103046879,0.2001869309622001 
1013,2,-0.6277039850641497,-0.2566967018402693 
1014,2,-0.27621759690855374,0.5564780753301454 
1015,2,0.17954030964730347,0.012087623040246605 
1016,2,0.5089619422427306,0.04136771307608998 
1017,2,0.08796740284349029,0.23449221044782623 
1018,2,1.1308624801285996,0.5452888667532884 
1019,2,1.3004390238731778,0.5643350884707374 
1020,2,1.0304080893934402,0.14720305203533568 
1021,2,0.3618264742657599,-0.1960034334346686 
1022,2,0.11751558311783976,0.15533117215469971 
1023,2,0.19559543628710732,0.38763173143307933 
1024,2,-0.5380944682229842,0.08107278497292382 
1025,2,-0.4991754484055443,0.41647270873860026 
1026,2,-0.8980125618725088,0.3357240582057713 
1027,2,-0.8035817388960163,0.2444689183566588 
1028,2,0.21270109232227447,-0.8518556619970158 
1029,2,-0.6709500076235461,1.0644264361472724 
1030,2,0.34215193799240845,0.6183880285791143 
1031,2,-0.15678347350174227,-0.27252072142262795 
1032,2,0.03477846503868661,-0.1839382798309656 
1033,2,-0.39008839322409133,-0.523042655765208 
1034,2,0.952376574331205,-0.0677715072747285 
1035,2,-0.2896145715247879,-0.5722421849210542 
1036,2,0.8827143971912847,0.29469365890735016 
1037,2,0.38081262594953647,0.9837443696797712 
1038,2,-0.6957568860588067,0.16044940409848574 
1039,2,-0.3115716902817905,0.6541684293165889 
1040,2,-0.40465498127312455,0.35086386219181936 
1041,2,-0.37440242189694434,-0.016246296059444894 
1042,2,-0.2993670363176018,-0.1664953964456063 
1043,2,-0.16698747293256166,-0.4410453732554121 
1044,2,0.3527039505542417,0.7378162159521093 
1045,2,-0.45788022866767186,0.5939132353224152 
1046,2,-0.46145553478237394,0.34919417606993586 
1047,2,-0.01318152472058001,0.12718111590155734 
1048,2,1.0051012134426927,-0.3006967665242504 
1049,2,0.07430136182772346,0.417233617044625 
1050,2,0.46156302190640586,0.18590347387234607 
1051,2,-0.17750089307871492,-0.16395435044067902 
1052,2,0.3449091889130061,0.6121110199078902 
1053,2,-0.06961531812558934,0.7008325760230827 
1054,2,-0.09902561567364118,0.32562490661884413 
1055,2,-0.4453811752404245,-0.1390921023953839 
1056,2,-0.45148636068922937,0.3188859767116792 
1057,2,-0.326530066388571,0.24903708525621657 
1058,2,0.050714920514448265,-0.22324039145739374 
1059,2,0.49290799424264103,0.31831932413054626 
1060,2,-0.5967977010206245,-0.6873047154553192 
1061,2,-0.12575970175601697,0.05852449346577921 
1062,2,0.4818489564059886,-0.4069366182772422 
1063,2,-0.06130873151424115,0.5040958844645467 
1064,2,0.7370834850327574,0.45116737841933174 
1065,2,1.1487662890426193,-0.3324571499689605 
1066,2,0.39507828676683965,-0.7533163817757713 
1067,2,0.6403917663956056,-0.17724817372820065 
1068,2,-0.8841959416418617,-0.07063860873906365 
1069,2,-0.49147078165900604,-0.5734378509922178 
1070,2,-0.09195150788671999,0.84959639704036 
1071,2,0.5973208352900601,0.13042094939345222 
1072,2,-0.24914648449983354,-0.22013675129901694 
1073,2,0.2785179341013427,-0.2971816014743863 
1074,2,-0.41279369513553466,-0.3225158338913015 
1075,2,0.6123246087006263,-0.528259020976614 
1076,2,0.36901346738469687,0.3317866212163001 
1077,2,-0.13094092615068767,-0.15191610622774288 
1078,2,-0.20220147669414298,0.08125531105347428 
1079,2,0.1768682749054592,-0.16519435612842512 
1080,2,-0.45157442842960666,-0.0033526966415619143 
1081,2,0.1972113500236695,-0.2371610212631356 
1082,2,-0.26588673258983764,0.07357538544854951 
1083,2,-0.44997544220640806,-0.3476757727871761 
1084,2,0.6113636809270282,-0.40735080046991406 
1085,2,-0.578998759050398,0.8001141541394515 
1086,2,-0.13216546543795316,-0.5507904711694678 
1087,2,0.20468726873195617,0.48945510324596614 
1088,2,-0.37549246216785753,0.09092388934693289 
1089,2,0.7978658821195345,0.9614100246592079 
1090,2,0.48495384010867754,0.002582168129477244 
1091,2,0.6607148594589097,0.0397585058851655 
1092,2,0.741181850166884,0.13566437567750245 
1093,2,-0.04840224711609034,1.5976342412026698 
1094,2,0.22961222542359108,-0.25236246426968084 
1095,2,-0.6707760651641972,-0.16581312825478817 
1096,2,0.68360884171399,-0.13056784754803008 
1097,2,-0.1784629067700275,0.15882021420560494 
1098,2,-0.5168100653559192,0.7083709856279353 
1099,2,0.24651474473108254,-0.565166766134737 
1100,2,0.1256135788032154,-0.17474781955672405 
1101,2,-0.2809011071338682,-0.39182578897475595 
1102,2,0.29251555382601596,1.2116182986084705 
1103,2,0.3639983451976291,-0.26645515441231943 
1104,2,-0.4277148025377229,0.22292068530208628 
1105,2,0.2218517194750392,-1.0624993929147282 
1106,2,0.7993185035504539,-0.42977885916628816 
1107,2,0.6482543872257597,0.03551227114667854 
1108,2,0.3689523892528154,0.2161733521606114 
1109,2,0.5819933852530389,-1.228363603989831 
1110,2,0.30112717657107957,0.22124288808719555 
1111,2,-0.4104563989037548,0.5640398007526695 
1112,2,-0.12701949142230376,0.6207004584596827 
1113,2,-0.5754778016456945,-0.23882885766402978 
1114,2,0.4385254986591508,-0.5721402830645187 
1115,2,0.06153806736227992,-0.499523562569291 
1116,2,0.43319723428371787,0.8089622291824823 
1117,2,-0.7293388595982963,0.19476134021175695 
1118,2,0.061423187640271354,-0.5103558788254634 
1119,2,-0.3963321101271109,0.4211009134960406 
1120,2,0.20521006792082505,1.4702817876445027 
1121,2,-0.6151009159422095,-0.990019249127613 
1122,2,-0.8556133489601223,-0.10512273091424576 
1123,2,-0.014149096647749609,0.8845315425742822 
1124,2,0.1155488547502519,0.7488406653788098 
1125,2,0.061577421843939786,-0.09746538613580953 
1126,2,-0.26246280680041134,0.16063090396358765 
1127,2,-0.22743965642178035,-0.7708436068440546 
1128,2,-0.10173033212460367,-0.006684670861187769 
1129,2,0.05100751507350964,0.34393211572781424 
1130,2,0.15245220840401102,-0.22076038379893143 
1131,2,1.0148347161495095,-0.09571638258938413 
1132,2,-0.04003707377592406,-0.2580932757243951 
1133,2,-0.186003619108872,-0.3710235860031814 
1134,2,-0.2970397411810371,0.13014205750327226 
1135,2,0.6913357415685332,-0.3717087207316785 
1136,2,0.24441488482095494,0.811811182109737 
1137,2,0.11676199145490403,-0.6099233816157452 
1138,2,-0.5507170793755188,-0.6419588635331923 
1139,2,0.49307879402948707,0.20193207725652143 
1140,2,-0.2966591206012431,0.12231750502714113 
1141,2,-1.0284726963088915,0.0058449637540467945 
1142,2,0.4100063512685195,0.28537955074674815 
1143,2,-0.5547156591254088,-0.093335586918359 
1144,2,-1.349482222466586,-0.04599213014845929 
1145,2,-0.32447346711626324,-0.152807635885436 
1146,2,1.0012444741853492,-0.8383876167406146 
1147,2,0.28426089089214535,0.5762846962969209 
1148,2,-0.10883148996112321,0.17273691812075215 
1149,2,-0.0017796821504819035,0.010274029182663097 
1150,2,-0.409432663992993,-0.5577706056068804 
1151,2,0.06950874422270326,-0.4000553409408524 
1152,2,-0.6299733984299011,-0.005616984708390025 
1153,2,-0.35429037094324883,-0.22094222309819653 
1154,2,0.14794291456949626,-0.41452188771635434 
1155,2,-0.34908704443442307,0.604140333752805 
1156,2,-0.14026697617102166,-0.525072033812226 
1157,2,-0.09714848049664895,-0.34744788598789583 
1158,2,-0.33911614997990797,-0.9521524481086538 
1159,2,0.596738203953383,-1.104026001201164 
1160,2,-0.12305588448719357,0.1520775716374696 
1161,2,0.2982471177309224,0.6621704959864797 
1162,2,0.26097252989217473,0.18227566412807536 
1163,2,-0.3704160447095716,0.6978236993003483 
1164,2,0.5192341260988618,0.39751847169110466 
1165,2,-0.19679112411845961,0.2800038931950266 
1166,2,0.22064556106768074,0.20504258883678267 
1167,2,-0.10151176177844165,0.03412576336416647 
1168,2,0.1150154352462046,-0.6099275870796589 
1169,2,0.08001899803695821,-0.23755047600421425 
1170,2,0.6729525559368252,0.47873180526248077 
1171,2,-0.2864936709403359,-0.7684258982316673 
1172,2,-0.3709194988710736,-0.4044301419876476 
1173,2,-0.4023551008163097,0.15611452958167402 
1174,2,0.20554299910639326,-0.7715406965363212 
1175,2,-0.19348522340845062,0.15621405348377254 
1176,2,0.0290971060918516,0.007364322042150886 
1177,2,-0.5443765127965855,0.05444286288444732 
1178,2,0.04011514657617981,-0.13320454009809332 
1179,2,0.2670905483130744,-0.5864133610366693 
1180,2,0.6084477270450812,-0.628128201445735 
1181,2,-0.3359875947915519,0.5182511366506964 
1182,2,-0.005431261163713604,0.07387768696839814 
1183,2,0.38377155228797255,-0.567258705670244 
1184,2,-0.35760693568665963,-0.20719385918497993 
1185,2,0.5374267980155409,-0.38348994737174885 
1186,2,-0.687140154730763,-0.7653383789019712 
1187,2,-1.2708366070341834,0.20132689389404418 
1188,2,-0.30588550900085,1.3351980960566636 
1189,2,-0.27132117329874345,-0.23823981362602417 
1190,2,0.14461742567702068,-0.38256886157712494 
1191,2,-0.44819189032684886,-0.6231843041538393 
1192,2,-0.6077834431240134,0.14891874062215366 
1193,2,0.49711936984849125,0.2789242755923471 
1194,2,-0.22709762692728294,0.7069040208012476 
1195,2,-0.5468841527224734,-0.2285386895973639 
1196,2,0.3012716806417187,0.42350714241838944 
1197,2,0.13491249322005988,-0.39778977421723716 
1198,2,-0.26964575819699216,0.13680255951178283 
1199,2,0.35522225590416834,-0.9908096345584434 
1200,2,0.5027798538726717,-1.002948071517302 
1201,2,0.6491445803617042,0.723805286025629 
1202,2,0.04606518785185266,0.16065182129573594 
1203,2,0.44762742622221463,0.6410367387281475 
1204,2,-0.05862332146767525,0.41054529450610927 
1205,2,-0.298601188793311,-0.8943721499329567 
1206,2,-0.9336361547233248,-0.4795659170119766 
1207,2,-1.2980822355397637,0.4381241592331724 
1208,2,0.6532767348577867,-0.4819354888575643 
1209,2,0.994936629460717,-0.07733674965193686 
1210,2,0.4847700641263707,0.2755637941390313 
1211,2,-0.8020488521455719,0.11473761708920922 
1212,2,0.720949919307146,-0.9664953265036931 
1213,2,0.2465276444785823,-0.14793693887252388 
1214,2,-0.18589292340466573,-0.6768665152483055 
1215,2,1.10830351859261,0.054063725038701556 
1216,2,0.3491665826407611,-0.5097731693178272 
1217,2,0.18764382396286536,0.7640002012401328 
1218,2,0.3257626922739346,0.27468152048875116 
1219,2,-0.7948453299378019,0.6174352397756202 
1220,2,-0.1424325713386562,-0.24573492192828733 
1221,2,-0.417855905324381,-0.2142067361514769 
1222,2,0.021783885886991716,-0.01226895582006376 
1223,2,-0.987539207599807,-0.47457627651011614 
1224,2,-0.5150350983422899,-0.10177830594800331 
1225,2,0.7997633749099721,-0.9855004867157031 
1226,2,0.023240225791151325,-0.20158407454044266 
1227,2,-0.87169726580776,-0.6840483966124395 
1228,2,-0.34412536555954776,-0.9943740075662619 
1229,2,-0.5415201189429909,-0.5101228833244904 
1230,2,-0.11920954499387088,0.5368514008394274 
1231,2,-1.3031840570051654,0.9800662493425637 
1232,2,-0.3104411007673707,-0.23283219581759051 
1233,2,0.15633729846158348,0.33560084271429896 
1234,2,0.7889806322355185,-0.6464560941568948 
1235,2,-0.6684664637876715,-0.9614739089496839 
1236,2,0.7164302047720806,-0.5240434056210345 
1237,2,-0.18813490967970126,-0.7553638920409149 
1238,2,0.8542685345744956,-0.35775452346626996 
1239,2,0.3950657702863616,-0.4784606665483773 
1240,2,0.024089904841176697,0.13338069225049048 
1241,2,-0.3218340903545444,0.14536853422626714 
1242,2,0.07958529953608504,1.0698519452750657 
1243,2,0.5050124276942475,-0.45642832521936705 
1244,2,1.0969843690166146,-0.4171757909765074 
1245,2,-0.02936060990614477,-0.08700414960556184 
1246,2,-0.542355137427906,-0.24046757157846474 
1247,2,-0.8317161550142972,-0.1853047409903772 
1248,2,0.2367785860669128,-0.12478664792898835 
1249,2,-0.25300610715242466,-0.4554426338637452 
1250,2,-0.4604591829213122,-0.5284628294964544 
1251,2,-0.6878343355314627,0.7126103910995508 
1252,2,-0.7814030514115634,-0.263114940607742 
1253,2,-1.1845992418727846,1.2029492991614459 
1254,2,0.19373811337686306,1.0181938817098104 
1255,2,0.054021894880375836,0.1531665515938414 
1256,2,0.26512283747401905,1.0265853965343061 
1257,2,-0.06733899027457109,0.4654380378594595 
1258,2,-0.646082015480983,0.8294921818890887 
1259,2,-0.6962017738375617,0.23482194698797718 
1260,2,-0.15395902228495953,0.5916020831453378 
1261,2,-0.052711719025454726,-0.04844465993562246 
1262,2,-0.6029681955671843,0.6064323593122919 
1263,2,-0.427464312579246,0.4567036432065152 
1264,2,0.692120327078039,-0.6610639825802875 
1265,2,0.6849835288964986,-0.7305490341219373 
1266,2,0.20895427765284935,0.30534611082737817 
1267,2,-0.08387982843413781,-0.2641070652721957 
1268,2,0.8895042709176098,0.26641878072894837 
1269,2,0.6453261466876002,-0.5623531070780673 
1270,2,-0.7011223457687522,-0.9233228952795948 
1271,2,-0.315049526221357,-0.12675667917879813 
1272,2,0.2296889363037962,-0.07851186347028567 
1273,2,0.3953048913635367,0.10737351856939335 
1274,2,-0.8153554007879562,-0.3402669595296465 
1275,2,0.7542320854622058,0.6435703478917014 
1276,2,-0.2399215552360289,0.7061782126180023 
1277,2,-1.0488130169656382,-0.005399419178604756 
1278,2,0.1215319108820547,0.698022980801174 
1279,2,-0.3073397952305987,-0.02847882988749349 
1280,2,-0.23391716911138685,0.11374082613259467 
1281,2,-0.4881196574073399,0.3072926653393664 
1282,2,-0.14462394977928453,0.8895502498197363 
1283,2,-0.3699299340846911,-0.27434634281982784 
1284,2,-0.18530129614047544,-0.5837860130040885 
1285,2,-0.4445399057269137,-0.529575876251043 
1286,2,0.31609807875706025,0.8313049614011184 
1287,2,-0.8607275512154657,-0.141502938794605 
1288,2,-0.5889658888982889,-0.036552548357363754 
1289,2,-0.4029484549345507,-0.6424724426282713 
1290,2,0.22734266463829197,-0.4725012357228149 
1291,2,-0.8085521806940371,-0.03615096128389815 
1292,2,0.629694563737047,-1.6150185131300314 
1293,2,-0.2355514926081528,-0.1487357620752989 
1294,2,0.03859656672057464,0.02750651066220772 
1295,2,-0.3403957024883267,-0.3911235061345694 
1296,2,0.30830349778634986,-0.44364936265521737 
1297,2,0.2299462969782549,-0.17071959114047563 
1298,2,0.7267486242498201,-0.2785812545062375 
1299,2,0.7599016891785945,0.33304006858592416 
1300,2,-0.8485138358506118,-0.1315786295411266 
1301,2,0.7047413501456158,-0.5192508660798232 
1302,2,0.45382748681639856,-0.75206874581088 
1303,2,-0.38320220544771594,-0.4990886061262487 
1304,2,-0.6145531149514057,0.026315700067199983 
1305,2,-0.5486778399748682,-0.10275712108982793 
1306,2,-0.9389177540882632,-0.39377065080063905 
1307,2,-0.06696365184024815,0.04431625756177667 
1308,2,-0.7119935757494141,0.7432161198392956 
1309,2,-0.05511281090475324,-0.6056715103222554 
1310,2,0.0792973466955629,0.3243332932713085 
1311,2,-0.0020669045051941353,-0.07248757266443492 
1312,2,-0.6904227871068954,0.0754227633965975 
1313,2,0.7689429425452992,0.9333634700296035 
1314,2,-0.20451619424078624,-0.36332113849812936 
1315,2,-0.21246121695639453,0.2653967845314182 
1316,2,-0.20506536130907047,-0.5393816347133925 
1317,2,-1.512235958051685,0.3039729973608702 
1318,2,0.7693026709229026,0.29839385236746724 
1319,2,-0.6491855685136433,0.42524186458967655 
1320,2,0.8658953283852517,0.281891336682199 
1321,2,-0.3293365665347526,-0.5441636861892533 
1322,2,-0.48047262461069706,-0.1234067007790071 
1323,2,0.234308310783131,-0.24422326698353466 
1324,2,-0.23310599618255956,0.13261344916807907 
1325,2,-0.24528917808502587,-0.2997660716981223 
1326,2,-0.1400344182382722,0.5827369562578474 
1327,2,-0.43836290819141704,0.6469698773870315 
1328,2,-0.159617414161879,0.4375517233809512 
1329,2,-0.0663241653515443,-0.14000402492447606 
1330,2,-0.1814367833901057,-0.8107982545193742 
1331,2,0.29574865703991005,0.21439037424266535 
1332,2,0.3053232188472648,0.3785669464472193 
1333,2,-0.49338803510179213,-0.14757843113174998 
1334,2,-0.10690482617819638,1.0100648943516655 
1335,2,-0.2257600746011861,0.15142875549947768 
1336,2,-0.2175562900212187,-0.4269202889733711 
1337,2,-0.2804344231230446,-1.0107601700990434 
1338,2,-0.5641986517030972,1.3837449921150096 
1339,2,-0.19973443202152427,-0.1457023878671514 
1340,2,-0.0563408794033114,0.1379621677701435 
1341,2,0.7284888805720103,0.4824278833458313 
1342,2,0.36625203202876505,0.6201173178833056 
1343,2,0.013623385066842781,0.07024456495071836 
1344,2,0.8151275136618673,0.3223945473263508 
1345,2,-0.285246559564524,-0.1972626918701434 
1346,2,0.4650483706591778,-0.2033980879405384 
1347,2,-0.041830633903146924,-0.37227920147161525 
1348,2,0.1289070938086284,-0.17816274920821543 
1349,2,0.9900997803840164,1.2486884784304768 
1350,2,8.662718558695005E-4,-0.3208728247801408 
1351,2,-0.027540239594807062,-0.1680325893324087 
1352,2,-0.35861213150298804,1.2815377523503098 
1353,2,-0.28360135882368337,-0.014780939383624798 
1354,2,-0.30371408194274724,0.7929234905715785 
1355,2,-0.11663461783434927,-0.13453502755218752 
1356,2,0.9795513430616202,0.2531373709322788 
1357,2,0.19527904750735536,-0.2860248799105111 
1358,2,0.33847603335675586,0.31987861832878595 
1359,2,-0.8285708533199714,0.25228892800193325 
1360,2,-0.0755927684687724,0.9453886433649421 
1361,2,0.036914003514253446,-0.24687369364666123 
1362,2,0.12570584072217225,-0.37622619599672813 
1363,2,-0.5397000489875274,-0.4256831333615746 
1364,2,0.2979536209859054,0.24830001980685162 
1365,2,0.10531120995368004,0.6362550189491851 
1366,2,-0.10175589328650544,0.05179077458742874 
1367,2,-0.5249446286176104,-0.47402779170652043 
1368,2,-0.12247954660778561,0.45276237220667337 
1369,2,0.33861102352697336,0.373949680388573 
1370,2,0.8122932521347095,0.2751435363842536 
1371,2,-0.21598364191390879,-0.7534057238917782 
1372,2,0.8679707157945314,-0.28767558948228344 
1373,2,0.1020472977815932,0.493252012136071 
1374,2,-0.3370436689831925,-0.7091858441030416 
1375,2,0.1208583331942607,-0.1970099242015118 
1376,2,0.2986935089605889,0.16693531962655292 
1377,2,0.09117818844957402,0.042124290744934435 
1378,2,0.12887051128440224,1.1308923241925184 
1379,2,-0.17158157251461828,-0.7498318901618019 
1380,2,0.10644916404509298,-0.4471784660907402 
1381,2,-0.01737467084079411,0.6385026917764977 
1382,2,-0.03259281028492835,-0.20615042234058745 
1383,2,-0.45181004601073405,-0.5965989332066468 
1384,2,-0.681597568149981,0.24821208399519762 
1385,2,-0.18320699077238073,0.18415337624010247 
1386,2,0.5802315123171135,0.026733869758254248 
1387,2,-0.25982514430158865,-0.613674426486631 
1388,2,-1.495460884479898,-0.9601572487343071 
1389,2,-0.0836844240523504,-0.10186939649043272 
1390,2,0.75917618528914,0.49948424500779226 
1391,2,0.6038296785074324,-0.4205179972264953 
1392,2,0.409478896862173,-0.14821813766934838 
1393,2,-0.5437244464320704,-0.49334472750248337 
1394,2,-0.7327138972936605,-0.4858923609312064 
1395,2,-0.8090719170059096,0.17122532998934784 
1396,2,-0.9997985280524534,0.8597298116275346 
1397,2,-0.3671029409046701,-1.1215170363346945 
1398,2,0.06887725596113972,-0.5975359907542004 
1399,2,0.46505046506916836,-0.24977087120842945 
1400,2,-0.6628594692923382,-0.28985992144968337 
1401,2,-0.1818542420836357,0.08329728954638639 
1402,2,-0.5298469977356947,0.2863305554768961 
1403,2,0.19665160893640643,0.2556440826746645 
1404,2,0.5031781923087688,0.3301019003922795 
1405,2,-0.8012826139362103,-0.15845457957035505 
1406,2,0.13583601392523606,-0.41000531315334515 
1407,2,0.7455652727547228,-0.06878160613954637 
1408,2,-0.3292154555575555,0.06158149021982123 
1409,2,0.10692874776687354,-0.45847214581128454 
1410,2,0.9354032958738568,0.11670429646518557 
1411,2,0.7425993825912944,0.0526518650205033 
1412,2,0.09310995389545781,0.8828398623680076 
1413,2,-0.05125836975980489,-0.5455587808409036 
1414,2,0.08455577297227682,0.6892259769052181 
1415,2,0.07707234514440353,0.5650876622989155 
1416,2,-0.13752376243478553,-0.35859250640012474 
1417,2,-0.40935366364808373,0.059220495294719865 
1418,2,-0.2696685801685574,-0.4675245657188872 
1419,2,0.17830219513970005,-0.16193413182146754 
1420,2,-0.2211737937977052,-0.48677746308758196 
1421,2,0.5971516277908228,-0.1364155040824797 
1422,2,0.24675275783018366,0.2569774707635879 
1423,2,-0.30297409176859164,-0.40972159634664146 
1424,2,0.4824256327089703,0.22735124393392458 
1425,2,0.451507978511911,0.29185254034828806 
1426,2,0.2198019360009359,-0.7343419993926183 
1427,2,-0.24539124511694163,-0.0034017013948943707 
1428,2,-0.6229720506298857,-0.1066032494103515 
1429,2,-0.41166265233756333,0.06168292051580908 
1430,2,0.7324397237173387,-0.33449209858927004 
1431,2,-0.22314579417451672,1.0260472765947237 
1432,2,0.8873573594111314,-0.8284264074419299 
1433,2,-0.4415336036167466,0.5804522706236644 
1434,2,0.07012307526817181,-0.43979618069673354 
1435,2,0.2601342410205992,0.3581608246247507 
1436,2,-0.45991593478855547,0.17151752962141645 
1437,2,-0.035375418210943435,0.36181220743294606 
1438,2,-0.4533027652024509,-0.6842590283091412 
1439,2,-0.09296008835998049,0.47784775990673306 
1440,2,-0.4005596620475918,0.12874358024905816 
1441,2,0.7305405494196375,0.2396884212129343 
1442,2,0.32071788353045366,-0.6506149491744045 
1443,2,-0.6370149577529508,-0.49107869144181143 
1444,2,0.47521594270126394,0.15836597817271597 
1445,2,-0.5759833068877918,-0.6672217191257552 
1446,2,-0.27144352704202845,-0.8712492751500218 
1447,2,-0.3256962661250291,0.16080658005111523 
1448,2,0.12019997918151623,0.294059395132734 
1449,2,-0.02346149845436126,0.09440146494021057 
1450,2,-0.3366631908464534,0.5377991196396743 
1451,2,0.17457275135022135,-0.26920167133503736 
1452,2,0.3506483122394648,0.6702973313666333 
1453,2,-0.3917470954723481,-0.09635656831774427 
1454,2,-0.253609814699216,0.022566650765263555 
1455,2,0.6244622044854613,-0.45830070348898405 
1456,2,0.6464809002769231,0.1619006541004407 
1457,2,-0.19197713811806913,1.1044516736759038 
1458,2,-0.2596386770680654,-0.2764277806163058 
1459,2,-0.1711167605832176,-0.4585899308061455 
1460,2,-0.5277974393764243,0.4205712188472339 
1461,2,-1.0995783483614519,-0.5229894786308651 
1462,2,0.1407866753946444,-0.14164843240885927 
1463,2,0.6557430787554184,-0.03369972072562444 
1464,2,0.7173656425152973,-0.9525653550206857 
1465,2,1.177638267757994,0.07406288405068501 
1466,2,-1.024418983342691,0.42551416000115067 
1467,2,-0.17231793575274415,-0.22473990963642937 
1468,2,0.17996677034425584,-0.06685257985953798 
1469,2,-1.1186560469826232,-0.5033210302887153 
1470,2,-0.11382847126120935,0.06664200879689308 
1471,2,-0.2862057313576242,0.16881989630576436 
1472,2,-0.15729566921634106,0.15589454200633907 
1473,2,-0.5303015365411637,-0.5404672449620166 
1474,2,0.1423304414301596,-0.06146417397595022 
1475,2,0.003341469864975982,-0.20633911139777256 
1476,2,-0.3270001102666775,-0.23641266295257946 
1477,2,0.2266881283166759,0.4855539117276597 
1478,2,1.6440486207470242,-0.17858605346256046 
1479,2,-0.2765489584102884,-1.0698379944954617 
1480,2,0.09596555364552922,-0.10013493500315472 
1481,2,0.49777727715455755,0.3107703839039231 
1482,2,-0.8341671445551964,0.1647641913658102 
1483,2,-0.025325064675674483,0.599503874387076 
1484,2,-0.036143101445508856,-0.4004473765109817 
1485,2,-0.8532231652843968,0.6382445047918459 
1486,2,0.45117093705138717,0.34656713992881405 
1487,2,0.11745129510015971,0.465423974693 
1488,2,0.4092113673528547,0.12354472841495023 
1489,2,0.5828175980160112,-0.06480576131763824 
1490,2,0.008908703419085963,0.7401030362623989 
1491,2,0.32786739862418374,0.2521202461501829 
1492,2,0.22665503595431627,-0.24591149643700597 
1493,2,-0.293351177178522,0.6497384063716282 
1494,2,-0.6579283831113756,-0.034730155398828164 
1495,2,-0.5026834521360124,0.1909346920367682 
1496,2,-0.28843200743323805,0.5513913037102403 
1497,2,-0.6903958476140303,0.1243206377789694 
1498,2,-0.05841632444323066,-0.3807081642623941 
1499,2,0.24216416313859795,-0.0927815257190714 
1500,2,-0.8286078021674411,0.3331781725138399 
1501,2,0.18898766031807845,-0.25249757126961825 
1502,2,0.6129113108955839,0.496033533109848 
1503,2,-0.1522908872468126,-0.29416191922651364 
1504,2,-0.43771003874170483,-0.5751420770541634 
1505,2,-0.3781155723095199,-0.42932170366792805 
1506,2,0.7925359994790581,0.8740100338447051 
1507,2,0.6808773279980129,-0.025095810720031676 
1508,2,0.26175607417718955,0.006388744576534382 
1509,2,-0.3824077548059348,-0.6577549533937652 
1510,2,0.28593593743795287,-0.1300485314548396 
1511,2,0.6153253444905102,-0.5071800600967438 
1512,2,0.5329642394441336,-0.2145015965755345 
1513,2,0.2435999045871754,-0.38440407231159845 
1514,2,-0.35579597028331833,-0.11865013350043904 
1515,2,0.7125906676546853,0.356672985186337 
1516,2,-0.3147489650594782,0.049200456975835534 
1517,2,-0.5916244838527716,1.0479742232590923 
1518,2,0.0037169412383817276,-0.6644708037630749 
1519,2,-0.42613495488015735,0.4003584659175813 
1520,2,0.4821430334721507,-0.04351216021905968 
1521,2,-0.03595855807672387,0.5397677234175753 
1522,2,-0.12773851880612752,1.6309405636620327 
1523,2,0.3184817940029297,-0.06579909018615988 
1524,2,0.08884395544408169,0.0889716166315899 
1525,2,-0.3986807216990508,0.6550870552816965 
1526,2,0.42064738835274973,0.11656416653493919 
1527,2,-0.6141806822439193,0.1077626227476147 
1528,2,-0.3572361298829513,0.16538068732635244 
1529,2,-0.05135676846933393,0.6125098291590548 
1530,2,0.09443687619013719,-0.34542650222199534 
1531,2,-0.38232602257202836,0.11573533749377378 
1532,2,-0.2947684647747428,0.2485051130271207 
1533,2,0.6246392867483077,-0.15527217476272637 
1534,2,0.43640622387766476,0.7589878632456559 
1535,2,-0.21175779611008128,-0.1371823233607564 
1536,2,0.42343076402745816,0.8051462955765282 
1537,2,-0.5161994290330447,-0.38467787437666007 
1538,2,0.5752581048804639,0.4909972081052957 
1539,2,0.05629467234051288,-0.22946033199506238 
1540,2,-0.3867104953597297,-0.19175959972110923 
1541,2,-0.16031134587783125,-0.8159011549574218 
1542,2,1.4676028034804283,-0.22735319872427479 
1543,2,-0.15024282165289932,-0.040572922154921476 
1544,2,0.2401806087167282,-0.7538641994563098 
1545,2,0.16377391500183783,0.3482793007337458 
1546,2,-0.23996837755753278,-0.9091883187189951 
1547,2,0.3803594398226117,-0.03288074159761209 
1548,2,-0.2931606087099703,-0.23688508823184193 
1549,2,-0.4541129955519009,0.5286841558386896 
1550,2,0.16895329151645894,-0.3825049854693601 
1551,2,-0.5873586511394576,0.3137448160866593 
1552,2,0.4016952959961279,0.29789078865847524 
1553,2,-0.08586747461860969,0.7334814078973302 
1554,2,-1.0529749782113467,0.34183746985568647 
1555,2,-0.017091199302197987,-0.41049915447791296 
1556,2,-0.09157460988390416,-0.6711103852549247 
1557,2,0.32587695105597314,0.3300620010225444 
1558,2,0.6800754237069094,-0.6248310214759291 
1559,2,0.11630691531036144,-0.5855669117127068 
1560,2,0.48345709293687017,-0.5278389181126969 
1561,2,-0.46574146968868235,0.6453327187202854 
1562,2,-0.32089861924658547,0.6075038844032843 
1563,2,0.33230552016356985,0.7801590832910924 
1564,2,-0.825231973088433,-0.07251638535098666 
1565,2,0.09013195954098449,0.45140184589690335 
1566,2,0.6072545539459553,0.6566800718834214 
1567,2,-0.36409277890025865,-0.4163030788385162 
1568,2,0.1726138844816938,-0.08335547910214536 
1569,2,-0.1776387307110927,-0.5315773505678163 
1570,2,0.22136549209748546,0.1983522067056231 
1571,2,-0.1407456857394289,-0.24659127736197622 
1572,2,0.11347601535612938,-0.3492850342231691 
1573,2,0.21657548596102244,0.10849965467102604 
1574,2,-1.453329832181091,-0.10683902739289673 
1575,2,0.402230066165036,0.1704450881298239 
1576,2,0.07718226392849734,0.21100267217138882 
1577,2,0.504300024045405,0.2193765723194873 
1578,2,-0.06921848129041627,-0.5170866957629862 
1579,2,-0.29394053627797834,0.7064602883022857 
1580,2,-0.574058340457993,0.2769668752525164 
1581,2,0.4261965807150767,0.06097793388115642 
1582,2,0.8153671919526737,0.32614431607571703 
1583,2,-0.16368036911232114,0.19226424869533715 
1584,2,0.6338411169871668,-0.25623907642736077 
1585,2,-0.06221053307231013,0.5848679004444338 
1586,2,0.6298770625752813,-0.04291831322245589 
1587,2,0.14386765434428844,0.42980179660236667 
1588,2,-0.6335737239994967,0.18972337731681257 
1589,2,-1.2226552836061904,0.5765877056194513 
1590,2,0.11395280304760597,-1.1109921578701545 
1591,2,0.03460267270602662,0.2906665957001663 
1592,2,-0.5715763574672936,-0.699907707371062 
1593,2,0.006434437275440124,0.7809286765453121 
1594,2,0.1424206798677489,0.7090292329081684 
1595,2,1.0976350306382914,-0.4435536490906492 
1596,2,-0.6266391451590554,1.1065586055911294 
1597,2,0.3698703675707297,0.6794046178941789 
1598,2,0.8818110739705143,0.24958107234694052 
1599,2,-0.012270838548759858,-0.27466177028507394 
1600,2,0.4266706618520978,-0.35112023515655394 
1601,2,0.5483131186735577,-0.8014164954414016 
1602,2,0.9296290552814646,0.17310187893771417 
1603,2,-0.16527918643794504,0.5854390751517041 
1604,2,0.264662589937698,-0.4384560025633309 
1605,2,0.15539015799066003,-0.7702597358531973 
1606,2,0.11415043900814112,-0.1968869952025202 
1607,2,0.027448446276988475,0.5955043708094201 
1608,2,0.5620917452519905,0.49641706863243584 
1609,2,0.22747006434902078,0.33580810907994335 
1610,2,0.12061289800465103,1.2577057138582843 
1611,2,1.6223250334637096,-0.5268579497006097 
1612,2,0.19999923246687532,0.2810874560296729 
1613,2,0.07392813258539144,-0.5823136364381468 
1614,2,0.03504659966137705,0.4996594485023839 
1615,2,-0.6995170902887207,-0.04317874272079713 
1616,2,0.4324888808138781,-0.2737071241783774 
1617,2,0.36055813615537163,-0.6057807659298582 
1618,2,0.3141457598520825,0.34664258777840484 
1619,2,-0.2139071492295868,0.20608558072217575 
1620,2,0.6954777780646377,1.145721566746875 
1621,2,-0.06098055596573178,-0.33404426807779575 
1622,2,0.8401541627408828,0.7123466771295983 
1623,2,0.07550310343682329,0.30008928820776737 
1624,2,0.24978717116534913,-0.9307606431428074 
1625,2,-0.06792352969901916,0.476410110911018 
1626,2,-0.4527507460795274,-0.1642428692899629 
1627,2,0.07855071273933163,-0.5711146131020286 
1628,2,0.1333835498393443,0.5303670057653568 
1629,2,-0.812194710866247,0.4154143150222138 
1630,2,0.418933298275019,0.7135992668346489 
1631,2,0.013007923828417318,1.2952772532504573 
1632,2,-0.3380423143907902,0.7155686600501038 
1633,2,0.8947416015703298,0.4375091043891958 
1634,2,0.4265628104935251,-0.7262347473492514 
1635,2,0.29229995694734406,-0.06927684570837452 
1636,2,1.159241018024923,0.6003425760808585 
1637,2,-0.4863058094101556,-0.28697327066707734 
1638,2,-0.0166269553032493,-0.3427690703329982 
1639,2,0.24239425744278312,0.617668925160714 
1640,2,-0.46760213154613534,0.26363887357666066 
1641,2,-0.5837762555503936,0.08276812707404879 
1642,2,0.5455013261619286,-0.671461315176913 
1643,2,-0.00549993005395633,-0.7320313423704582 
1644,2,0.19717746990113164,0.34358288481271126 
1645,2,-0.1564292303987916,-0.28212888057133534 
1646,2,-0.8604572154344495,0.49210459532573125 
1647,2,0.02624842222481125,-0.2147673673264712 
1648,2,0.026840028693783297,0.10696838034396965 
1649,2,-1.003185395635526,0.44222111859727736 
1650,2,-0.18213065604307146,1.6777855132712987 
1651,2,0.12498117421478666,0.19272978514754222 
1652,2,-1.040465718862393,-0.07575721586016979 
1653,2,-0.12067858655468777,0.3514384982659784 
1654,2,-0.0013483929963359856,0.4966414162073342 
1655,2,0.009893082727765994,0.6535610448633659 
1656,2,-0.1382136258830968,0.5619941883710514 
1657,2,0.592198755371975,-0.21248186751352213 
1658,2,-0.12270886539392466,0.6958615856158116 
1659,2,0.36576241393072456,0.03856149870339766 
1660,2,1.4220179054936064,0.3679876937720861 
1661,2,0.10105660425316375,0.49514645922369105 
1662,2,0.9429384426147517,-0.641820802830108 
1663,2,-0.04437061495014142,0.445365502018695 
1664,2,-0.5222780993709415,0.7430555668677242 
1665,2,0.4278654923027083,0.1434590511689722 
1666,2,-0.1833507942150202,0.33992333176905315 
1667,2,0.07301242580095102,-0.22555128745029884 
1668,2,-0.42734362966399747,1.135794578671012 
1669,2,-0.707262386326085,0.5000345930087121 
1670,2,-0.11484546651821721,0.26803756402105855 
1671,2,0.7133590776440645,0.21451936344682432 
1672,2,-0.2876936127991176,0.23541844252903518 
1673,2,0.2621333897329171,-0.7411864560478232 
1674,2,-0.22849725705899784,0.08548421680607364 
1675,2,-0.20570085253611545,-0.26268593317291766 
1676,2,-0.18478275727521545,0.32663821760377065 
1677,2,-0.1783692038474305,-0.3373477974177957 
1678,2,-0.6923402960020666,0.017251897269457687 
1679,2,0.10103448617128558,-0.8151250113491838 
1680,2,-0.0948603865033812,-0.159670868527904 
1681,2,-0.46919732428381383,-0.4541992924943622 
1682,2,0.18204292779779285,0.5818140706949784 
1683,2,-0.33355283452625295,-0.06272713234237047 
1684,2,-1.0536103403857924,-0.44515266803907505 
1685,2,0.1413988131030531,0.14285690703395698 
1686,2,1.0412107608449301,-0.38059674095519436 
1687,2,0.454933766465628,-0.2105656423512013 
1688,2,0.3210604978680457,-0.5959261011784676 
1689,2,-0.36535073233262083,1.0695192290717028 
1690,2,0.1579686012299815,-0.3738333033616039 
1691,2,0.25683182261313375,0.21098519842706384 
1692,2,-0.3528466868311775,-0.2696158840391519 
1693,2,0.5600396768104837,-0.48997902670500004 
1694,2,-0.4869939204863562,-0.17649037874843423 
1695,2,0.07930084276674346,-1.0186383369493002 
1696,2,-0.41520771602248346,-0.4446761929917128 
1697,2,0.8089777546591617,0.6084109334958498 
1698,2,0.3920914963550409,-0.30020057740052575 
1699,2,0.5925569836470658,-0.11078241457287288 
1700,2,0.6635115507870339,-0.2272209866276002 
1701,2,0.01469327273119428,-1.0714833222279654 
1702,2,-0.35215955335870386,-0.13338737656151128 
1703,2,1.2532124385801746,0.28252317773265784 
1704,2,0.23694059007297455,0.33252134792471133 
1705,2,-0.2632584362742277,-0.5108282867811899 
1706,2,-0.5825276614967159,-0.1494387941197798 
1707,2,-0.015318053776465623,0.033479158140563736 
1708,2,0.09027140516422141,-0.5437142103623845 
1709,2,0.6358868767466674,-0.01845651880674068 
1710,2,-0.4005853763627863,-0.34018842857168796 
1711,2,0.22164475574240336,0.16550662214236359 
1712,2,-0.2547068100561575,0.33740477698587434 
1713,2,0.543383453559093,0.9071042573177884 
1714,2,-0.5829427422538632,1.2079684564213182 
1715,2,-0.17952410302324018,-0.08490590886667562 
1716,2,0.2275765682195169,0.31692428046354804 
1717,2,-0.9667957651581606,-0.17017630480729304 
1718,2,-0.07869067984175765,-1.1564502013457925 
1719,2,-0.16240904481641769,0.01482227831505764 
1720,2,0.07196807713894733,0.44099827257646973 
1721,2,-1.0106094885141796,-0.037411766245548234 
1722,2,-0.03807257529232937,-0.312342767162713 
1723,2,0.39257945279100437,0.6264732849702749 
1724,2,4.7593586734317116E-4,-0.7196663728824825 
1725,2,0.8697351118556357,0.18256520911870264 
1726,2,0.7681924152863325,0.013902939325629448 
1727,2,-0.1425442111155027,-0.27953699591596676 
1728,2,-0.007429225902571056,0.7028237547353396 
1729,2,0.39746386920597293,-0.5427829967290123 
1730,2,1.2475761554120308,0.24151054512970488 
1731,2,0.11212372111688242,-0.5511235073472591 
1732,2,-0.37126701777453247,-0.2603431087893892 
1733,2,-0.08480762478798493,0.730794171926825 
1734,2,-0.3567121565069781,0.6478523407849501 
1735,2,-0.02304644925173301,-0.15366837431219568 
1736,2,0.4094445588283614,-0.004009563342695339 
1737,2,-0.12814818566841427,-0.10064904174308885 
1738,2,0.013999861030880877,0.17146326179114185 
1739,2,0.03622814039575965,0.09933713218925586 
1740,2,-0.3790201436965071,-0.32602167828182077 
1741,2,-0.7922255710656977,-0.6207300176546408 
1742,2,0.6768397286196337,-0.771472345195805 
1743,2,0.14163132560837974,0.050370118082585805 
1744,2,-0.43946436555357327,-0.36234665189633086 
1745,2,-0.32070161793239904,-0.3093338871361418 
1746,2,0.6500276394570731,-0.47180719184217995 
1747,2,-0.1547651761595032,-0.708017706133484 
1748,2,0.4172852233697649,0.17717185263557259 
1749,2,-0.8522934841196896,-0.2960266349352118 
1750,2,-0.018812393933298786,0.10676052974755798 
1751,2,-0.17940034528122148,-0.1677610088646744 
1752,2,-0.7521075766468456,0.3368220486682711 
1753,2,-0.05582020520175517,-0.6978681087573334 
1754,2,-0.2221480656680208,-0.5142995611145414 
1755,2,0.6831380492187753,-0.2661805627115054 
1756,2,-0.03399860718884516,0.0663304124926772 
1757,2,0.621599923876074,-0.05401646790924941 
1758,2,0.15222408146128896,-0.31614935651996506 
1759,2,-0.7262798176069604,-0.12143412438471463 
1760,2,0.6181654287163356,-0.3261070990846463 
1761,2,0.3482216409594138,0.02784785803075374 
1762,2,-0.8100079127834491,0.3706331187631928 
1763,2,-0.18382720546754258,0.5752316108490779 
1764,2,0.24207312646256182,0.1282134605279694 
1765,2,0.0894867233324354,-0.6528815501547856 
1766,2,0.6559380909385363,0.054457512046782904 
1767,2,0.8255612211096877,0.7174487582784349 
1768,2,0.7398820135212423,0.9229800523224255 
1769,2,0.543413627205895,0.5272550053777729 
1770,2,-0.6900200425539578,-0.610602452698093 
1771,2,-0.18584923552816407,-0.11832398905063596 
1772,2,-0.384749389111586,0.2649354503432317 
1773,2,-0.10149083194386675,-1.109180008679497 
1774,2,-1.1004494870291222,-0.6758993129910493 
1775,2,0.2399404297866956,0.48891433059639733 
1776,2,0.15002753696528023,-0.6529124267582338 
1777,2,-0.05380088581290373,0.05125419087632634 
1778,2,-0.33496037949864277,-0.3774667252501678 
1779,2,-0.512436325139993,-0.28222822805101266 
1780,2,-0.4324929783982379,0.8137848971477349 
1781,2,-0.5026154326128289,-0.4357974394880911 
1782,2,0.6142515341934898,0.7295482820253973 
1783,2,-0.28005196455761416,0.7788231973181792 
1784,2,0.08888997429507488,0.34399814558483544 
1785,2,0.5214190728126091,0.9516537392174268 
1786,2,0.4713609747045048,-0.34910611366223565 
1787,2,-0.4710317089639472,0.006759273634643539 
1788,2,0.08068393240462982,0.025359294755994875 
1789,2,0.09531317170939742,-0.2917972546262524 
1790,2,0.2048654499944012,0.06840163705217883 
1791,2,-0.9484395359375928,-0.09490659310928619 
1792,2,-0.9068026780314462,0.7547012978985301 
1793,2,0.03553487383305536,-0.5096043151527901 
1794,2,0.7874371833574524,-0.5155446260618635 
1795,2,-0.8722145507904365,-0.03994587523532783 
1796,2,0.05924987816050811,-0.6721643044231984 
1797,2,0.5292899593528351,0.07848320254970517 
1798,2,0.18905793824545605,0.09287256459569719 
1799,2,-0.04039159877994533,-0.11740829842736122 
1800,2,0.38759067064916797,0.07507271971429749 
1801,2,-0.5351014883514786,0.1932958434190211 
1802,2,0.15538122072573018,-0.6576900762116523 
1803,2,-0.16730382353801168,-0.33609935845953853 
1804,2,-1.0898290507558304,-0.2070017901904213 
1805,2,-0.4985676252734696,-0.696030775072795 
1806,2,0.5063749306727249,-0.45670062216505797 
1807,2,0.6898687950143368,-0.05310177295056337 
1808,2,-0.8304144689482037,-0.1806073219863466 
1809,2,-0.2386262175810456,0.4178568553683594 
1810,2,0.5730988610840273,-0.9535279255877241 
1811,2,0.19327007197314983,0.6133835485426172 
1812,2,-0.27216673104159766,-1.0650502359528036 
1813,2,-0.4460834478249486,0.8246014018274095 
1814,2,-0.5593528561650327,0.1327255104840525 
1815,2,-0.31760322781610084,0.4293237682225 
1816,2,0.19542911125549442,0.5753247424666305 
1817,2,-0.12232328879252864,-0.6496608003106622 
1818,2,-0.7278550880817363,-0.3011010368120745 
1819,2,-0.18572951179290184,0.2869118922250739 
1820,2,-0.3845956788851854,-0.03748488184355423 
1821,2,0.07323662638990479,0.5036440441449246 
1822,2,-0.44209506461431697,-0.38631595741227803 
1823,2,0.027627992413614414,-1.0355474490230265 
1824,2,-0.8334437522326524,-0.06082515549820648 
1825,2,0.6148131187497127,0.35225287107660763 
1826,2,-0.5066289078492986,0.16369143271972772 
1827,2,-0.27192694555219454,0.3230132975271359 
1828,2,0.8830830767313297,-0.5949665488381246 
1829,2,0.004004650294614527,-0.22518781811409072 
1830,2,-0.040941455305991206,0.4234415287128012 
1831,2,-0.12247924410225158,0.2502123709624547 
1832,2,-0.34310644027583154,0.4065794534923368 
1833,2,0.07817916877941312,0.029937999494000785 
1834,2,0.21252289432814647,-0.474222280334436 
1835,2,0.07544844704530851,-0.28149154777651814 
1836,2,0.02416989820350344,0.2592284155304664 
1837,2,-0.21691709473140133,0.4400031310255418 
1838,2,-0.15456212747193787,1.1085524541140803 
1839,2,0.425912882553207,-0.1271396649226113 
1840,2,-0.6667891201982179,-0.24341872915650223 
1841,2,0.8117215613255747,0.0621156563204483 
1842,2,-0.2467767339573716,-0.2003647109370322 
1843,2,-0.10709416522315493,-0.03145289954933339 
1844,2,0.09602902133837529,0.5649967226577287 
1845,2,-0.6446070341445219,-0.001565753044325954 
1846,2,0.1842186648909658,-0.7527745537894748 
1847,2,-0.2409909141838884,0.14576707276540032 
1848,2,0.7283302390157749,-0.10260189572417189 
1849,2,1.6116966902397794,-0.022171038899850667 
1850,2,-0.32854421253583765,0.07331542907419202 
1851,2,0.31048615274097524,0.20838177516384387 
1852,2,-0.09672557971961815,-0.24972784486180816 
1853,2,0.3096686234528823,-0.2248084645981508 
1854,2,0.13368633152256856,-0.03271864720323237 
1855,2,0.2845637643162629,0.049398665495113216 
1856,2,-0.20092869793420984,-0.196989327446415 
1857,2,0.13949780468153075,0.16192621703000565 
1858,2,-0.07279143370036441,-0.09509391999109566 
1859,2,0.1006775985604349,0.29935281021550236 
1860,2,-1.0508360788380509,-0.17066881575859086 
1861,2,-0.30549990061379273,-0.04768358771121323 
1862,2,-0.10562351968164767,0.7584686722004277 
1863,2,0.2618905497227095,-0.13129509311174825 
1864,2,0.07835888819367406,0.3382701311357837 
1865,2,-0.8980947063429328,-0.27546169709765267 
1866,2,0.4817858988548945,-0.6621446692182605 
1867,2,-0.07536190678173693,1.0468795425314155 
1868,2,-0.37079611466203233,0.5396237427724595 
1869,2,0.2456181821355961,-0.3369951412470576 
1870,2,-0.8447605996446684,0.1705792554253784 
1871,2,0.32349515505088483,-0.38068193308194476 
1872,2,0.888401685244607,-0.5034970460455317 
1873,2,0.3160721045700531,-0.7994328817071 
1874,2,-0.8869253339447084,-0.8072730971419025 
1875,2,-0.26057534121934894,0.526956294311769 
1876,2,0.19243410783477877,1.890884275272778 
1877,2,-0.2116069353423386,0.9755609348590419 
1878,2,-0.05221847190235652,-0.6646865200178448 
1879,2,0.4354608784558987,0.3901157058520596 
1880,2,0.30982962911292555,-0.7869512368506284 
1881,2,0.43680056010021356,0.007687193151158889 
1882,2,-0.9667404951493465,0.001213482941364074 
1883,2,0.9550794469615119,0.6079905233195416 
1884,2,0.21905510778820808,-0.3875233914414219 
1885,2,0.5392539478690231,0.3402909107016747 
1886,2,-0.4216482356288825,0.3713711779057782 
1887,2,0.372184672476604,0.02972925836751846 
1888,2,0.29008564236056583,-0.5475554574240311 
1889,2,-0.16359755264706208,0.8122095647907317 
1890,2,-0.2930158373826368,-0.05086408417749057 
1891,2,-0.6231363438378555,-0.09644144495497896 
1892,2,-0.7060382043219713,-0.22124788178374022 
1893,2,0.05239546563624006,-0.5191174989066424 
1894,2,0.2525848164781145,-0.552075702360629 
1895,2,0.493941530911275,0.25607150386071276 
1896,2,0.10152055745991251,0.15589848879623258 
1897,2,-1.0337477478655612,0.08877785654860995 
1898,2,0.48471652042577396,-0.04767742944334937 
1899,2,0.3189156268200975,0.3901253380501237 
1900,2,0.07824104487275922,-0.08859712333564822 
1901,2,1.3056333278772128,-0.31394968874112844 
1902,2,0.25364016894665753,0.08863467786601166 
1903,2,0.12970606294101983,0.3690113116306742 
1904,2,-0.7304591256403206,0.17166169280602583 
1905,2,-0.3649224604231673,0.6229150997328657 
1906,2,-0.29901650766798027,-0.06955128506743 
1907,2,0.5158830545439496,-0.4327156888647575 
1908,2,0.9168253910812079,-0.17326632009990722 
1909,2,-0.1342791000399902,-0.6560541465456925 
1910,2,0.33149242135490314,-0.27896278686221837 
1911,2,-0.361534862418033,-0.010867083418162596 
1912,2,0.13405693494942564,0.2517814170188319 
1913,2,-0.014409352248667,-0.3457546943955255 
1914,2,0.7117852574052108,0.9875130277407287 
1915,2,0.22034994823978535,0.5443911083025118 
1916,2,-0.8375389845502544,0.4488351082531519 
1917,2,0.6584700609685729,-0.5656320760018746 
1918,2,-0.23752015426017736,0.6093991689040018 
1919,2,-0.598304883576003,0.028576315639899444 
1920,2,0.6924085095014024,-0.016002805134836585 
1921,2,-0.1371050459664338,0.295260527441631 
1922,2,-0.23046634897410218,0.5532471841013682 
1923,2,0.9154778464471219,-0.6401650527130964 
1924,2,-0.24323876662721738,-0.03537473568748861 
1925,2,-0.49635904617623333,0.20056805524107824 
1926,2,0.5536282451833459,-0.6610553856663188 
1927,2,-0.5349578284973732,0.5198600020256258 
1928,2,0.22693015909873482,0.7824906444528329 
1929,2,-1.0259997509335281,-0.19391933205595713 
1930,2,0.0034415467749118636,-0.4837809635147132 
1931,2,0.20180929455611957,0.01020128910393915 
1932,2,-0.24775804286529102,-0.012620443506246712 
1933,2,1.4697493669039579,1.0514603332156796 
1934,2,0.639566077482759,1.1214996810163833 
1935,2,0.14219626806687494,0.8339568738771167 
1936,2,0.3654196462079032,-0.900069611701936 
1937,2,-0.22991925069477787,-0.08210470629872431 
1938,2,-0.23077692195213487,0.12164872304321284 
1939,2,0.6574853001739714,0.8840913593594767 
1940,2,0.16380764238173184,0.24159610906558543 
1941,2,-0.8044616852711175,-0.5591414107157882 
1942,2,0.2605995665431737,0.07968610829135252 
1943,2,0.24903235579098087,0.37542094706851287 
1944,2,-0.9581447199018188,-0.5511908057614126 
1945,2,-0.5949175148864818,0.11040733505120054 
1946,2,-0.22675575933674874,-0.8815682786302466 
1947,2,1.0744489861916566,-0.2581640794237374 
1948,2,-0.2963774819313168,-0.002452630267543855 
1949,2,-0.6203366930020037,-0.32899379718627264 
1950,2,-0.4577277960934001,-0.40457965050517936 
1951,2,0.42002882217175785,0.04458914304422599 
1952,2,-0.3596860335592367,-1.5708526402670946 
1953,2,0.7938026856377375,-0.20937187844056437 
1954,2,0.02651135915373761,-0.5672334333921897 
1955,2,-0.6131488945364721,0.036812887403997206 
1956,2,0.3013219097339131,-0.01623465959483881 
1957,2,0.04776961654209322,0.4531858358729519 
1958,2,0.08191746464145855,-0.7758348618300214 
1959,2,0.19377174396958716,-1.0371894056191682 
1960,2,0.37572026456919505,-0.14268816907287987 
1961,2,-0.39666256661067817,0.554268449704298 
1962,2,0.20334841550754382,0.2251417719513026 
1963,2,0.09761728910090892,-0.3107766998424979 
1964,2,0.2005276044384513,0.06803674583227146 
1965,2,0.6005551426169035,-0.7983803208967871 
1966,2,-0.2616510277813863,0.8788965981546026 
1967,2,0.1667123024313193,-0.364464404943607 
1968,2,0.22945288687222992,0.27036419728440025 
1969,2,0.9230756331664978,0.09483005461667383 
1970,2,-0.42918522093916384,-0.13611907451778274 
1971,2,-0.189393912921081,0.10241857279426997 
1972,2,-0.850864554444947,-0.3979395289577636 
1973,2,-0.2578383019004871,-1.178264207023918 
1974,2,0.44469985257803846,-0.5488733963504423 
1975,2,0.2319936954002924,-1.5490628365208572 
1976,2,0.1682898958592557,0.3425130265319856 
1977,2,0.7031376622494924,-0.7895552654414495 
1978,2,-0.40487190283312646,-0.237855407500562 
1979,2,1.2985991237045538,-0.2802580191475115 
1980,2,-0.6082183639425849,-0.16654688382094857 
1981,2,0.049122240222154466,0.07538580779559795 
1982,2,0.16155029925797385,-0.3944232576433098 
1983,2,-0.19545449058320424,-0.335363334722664 
1984,2,-0.18362813650042628,0.08888563658197685 
1985,2,-0.7812417906436356,-0.25910554692707394 
1986,2,1.0966067595400817,-0.5996253557910881 
1987,2,0.05161590220558736,0.5310694194375791 
1988,2,0.029181719350644758,-0.17381364739169464 
1989,2,-0.897256237709056,-0.11953215434175149 
1990,2,0.1084449424316788,0.18341264573729407 
1991,2,-0.6338568517376946,-0.21729547312114 
1992,2,-0.13407026701510572,-0.3477440489087108 
1993,2,0.8157041592862933,-0.5911478960485969 
1994,2,0.2038704511165341,0.30330233348994745 
1995,2,-0.23728669284128703,0.40752658701114963 
1996,2,0.9679633515480895,0.8098220110783598 
1997,2,0.0986615134115663,0.37489710556745937 
1998,2,-0.31592850750185003,0.11634479135582117 
1999,2,-0.5590024547494729,0.4873096775671526 
2000,2,-0.048590260391449876,-0.21630290898130475 
